item_id_2024,text_hash,token_count,pt_hits,en_hits,es_hits,linear_applicability,hybrid_applicability,language_audit
1,be93853303843da342ec906149a6a6a4aa458090103ad49b039bd3aaa5d66af8,34,14,3,4,1,0,pt
2,8d4f06fac7e13acf04581323b5aec04336c8736ef4c584fe959e3e8317c93b82,40,18,4,5,1,1,pt
3,32be60c460fcd5a757f9d79ac9d20d578a184e257aa18be1c5c0a330e1543bde,35,19,4,3,1,1,pt
4,cdf55218d4375b82c85321851e696d1925c8340e8a477adde53c2f8a66f8cc84,17,8,1,3,0,1,pt
5,66f26b60144abb5a836b56812a210ad10e2bcbe308158cf66ae9cf51aaec7cf6,22,11,5,3,1,1,pt
6,3bc3f551ddf7f0a34767bab4350f2b5603850aaef4fb330ad41a4c7a1c7d2a4f,17,9,1,2,1,1,pt
7,632e3452e929dcf252222856907761d335a46a3c61695a4f5a446dbfb9515c1e,39,15,3,6,1,1,pt
8,7f2abf6a64911df03adffd29b6c7ff056236b83f2badfcd7677a76af328423ce,15,7,2,2,1,1,pt
9,48e7a224019fad00d69df6f981c03017c5f42f54f76e567ae35595c9dc951866,43,21,7,7,1,1,pt
10,7b67384a11f93eb49b255737d496a46bebd76fc6436e97cdc0c5b9a98125f148,43,21,2,7,1,1,pt
11,f2cff3ba97d0eef719f5adb3bc2a70040b08e2c072df2984ef7ef1372fdc92d8,35,17,3,5,1,0,pt
12,3bdaf54b0eb6353fc133bb5f4d10bdf8fad9d95006caf5a7d128e2723a03fc8c,38,21,6,2,1,1,pt
13,86bde93a89722bdd77ea9d028d22e01679d4584eb18b6b1c3dc56fd1073b6d8f,33,14,1,4,1,1,pt
14,c40af4b07a31705646a8b539e0c306187dc0bee41cf90b92bdbdb94d2b29590b,38,20,3,5,1,1,pt
15,3b945a5264db0a94d071c08499fd97ec186a2fd6d542eb4ab23130504cc829b9,21,13,5,2,1,1,pt
16,1ca2aefcd40c6f445fe5c7dd83e90ea99a7b47e199527a5eb8f6760b903095e8,17,10,2,3,1,1,pt
17,e40b2eef4ffd7b490d8a155343d93be482fac3375634e2ace4ac604dc9991e35,48,21,5,7,1,1,pt
18,2df94420abb2275e7f4fdf7dc9f3d958558832c36896845a6e31cb4cd9a54a46,31,18,3,9,1,1,pt
19,0d3ca1c80517f36ea9f301b4d422964348059c50b4675af1f984b1094c300879,42,13,3,4,1,0,pt
20,1751b1fd6540f8d3f9211a8bfb75798bd28280290e704a88d0c52f98996e3c20,21,10,2,4,1,1,pt
21,f30bb940cc7bba70e8ca93029d29823686f63f898d20ca7809c7685b27e5ee49,49,22,6,8,1,1,pt
22,872880378a9c5602bdcb9acc8804374e8f915af0262fa9e41ae417970dc1d273,15,8,1,3,1,1,pt
23,acab82fb4b143c4d5276307e3956467af7ddc3bf7f8e10dd7ba42d61ed492193,19,11,2,3,1,1,pt
24,843d4651f641b10c38b63722491f1b6bc9d62b6ab1a6169505a89792e370923a,38,19,2,6,1,1,pt
25,3999127875757bddd0623f2d41454dd6f97485f4ed14cb8e3c21a489e05bb425,29,14,3,3,1,1,pt
26,3da7c0b8284c378d11ba9c44eefd96e3cb4cc561c570b0900fd2d39fdb4ff2e1,25,10,2,1,1,1,pt
27,a526dec49d357d8ac9c3c5c19495d8e4b6d3d0f7442ae5326df1442550a8e8d0,15,7,1,2,0,0,pt
28,c82563735e38b917bd2495e8207dd47b0bab34df72cf5373b999d067549578b9,48,21,4,7,1,0,pt
29,ae2cd483e4ae4feb6cf09952fa8952b0e5c25505e8a88dd46671ef088f1c6033,11,6,1,2,1,1,pt
30,7539069d70ec94dc3363223003b900207a7ae562f1c47a4492bd192d07561e9e,11,6,1,2,1,1,pt
31,92fdb97b64a1062c0aa896c09d603f900e91981049834cb3abcde24c4a4a31f1,39,21,3,10,1,1,pt
32,c7b368ad0a39b547170d591f2a4c76daa96514f2c3e661a70ab865501aae7035,38,18,2,6,0,0,pt
33,b23c9b7c9120186b5821849916039716d5325a8174afa5342a76e88f289ba8ee,40,20,4,7,1,1,pt
34,9aa57eb95082a8ee818b8b58931ceaf291829dea053df36bc59dcf6c09ccccdb,27,14,2,5,1,1,pt
35,d3abe82540cdae8763f20966a8d7cfd51df34d762cac198397d9269e42858f72,24,9,3,1,1,1,pt
36,ed485b599d195331817162e52a79ff01a0f67e45d35db7ed8635da681a886e1e,27,11,2,5,1,0,pt
37,4e023c45a6fc4991011d949ae2e9585ccd8cd3f08b5c52ecd000bcc5715aab92,26,14,1,4,1,1,pt
38,b1bd57be66983682893cd51d9a7176f48527061da28d114436567a9df35772b9,32,16,2,7,0,1,pt
39,1ca2aefcd40c6f445fe5c7dd83e90ea99a7b47e199527a5eb8f6760b903095e8,17,10,2,3,1,1,pt
40,66058089dfb2e6c8526be3578a4ddc4a9d14e9197694987153827156594b9b8f,12,6,1,2,1,1,pt
41,2499ef927a230ac486e9fe726a397c2f4e0e055635995f0a643c656bbcd1f212,32,15,5,4,1,1,pt
42,99e5524c6f1805f09f4906a0b7363dbe9f5049251c9a04bd63e99bfec496c069,39,16,2,4,1,1,pt
43,536bb562e7883447d782bef5242d19c0327ecc6d8af8e21c0245ee4fee44fb2a,16,10,2,4,1,1,pt
44,336ef5140b03b29e347978cdabc93f36751765a3b28ace453616244741e5ee04,24,11,3,3,1,0,pt
45,3169692ef669fdd369e8588230e28d176051d8ba68ad3e73f6106ba7fea7e15b,33,19,2,7,1,1,pt
46,1ca2aefcd40c6f445fe5c7dd83e90ea99a7b47e199527a5eb8f6760b903095e8,17,10,2,3,1,1,pt
47,1ca2aefcd40c6f445fe5c7dd83e90ea99a7b47e199527a5eb8f6760b903095e8,17,10,2,3,1,1,pt
48,589b682470be2afd058e510a9b3d4c20bcfa499a07cb2fc5c145c276758fe04b,29,15,4,4,1,1,pt
49,e494d6da8046eea220cfb5dd6482fb16e74758916ca8a339a1aa3fb53cea4416,24,7,2,2,1,0,pt
50,51f8eb2b7d8e50321446359097e243d29507d04c588619ec8f314bb0e9afd329,13,7,2,3,1,1,pt
51,f24954249a8968c94b97eb13eef1a1cd8cd207354f5df06e456f67b68dde6187,40,21,4,7,1,0,pt
52,51f8eb2b7d8e50321446359097e243d29507d04c588619ec8f314bb0e9afd329,13,7,2,3,1,1,pt
53,6bb6974b6b628ea768aca2ce9711ac84a1148a37df59c910f5715eb31e5bd2ad,26,8,3,1,1,1,pt
54,1ca2aefcd40c6f445fe5c7dd83e90ea99a7b47e199527a5eb8f6760b903095e8,17,10,2,3,1,1,pt
55,1ca2aefcd40c6f445fe5c7dd83e90ea99a7b47e199527a5eb8f6760b903095e8,17,10,2,3,1,1,pt
56,86f638a62d0e14f9be6f196323f574acf7ab860404c4f5a124d22b86da2ae290,21,12,3,4,1,1,pt
57,03067a1a957e7f5a0ff180bd17c68fe6e7b0ad0bd3c4240b3b41ffdcf81f5f46,36,18,3,4,1,0,pt
58,45fad46728bed90cc43b5053153f452e9745405de438b0c33e057bc832f33d8f,46,21,1,2,1,1,pt
59,f8cf43682416614f443a1a1d4dc07c4c0975a012e3795d454196aef9abbb1d65,40,19,5,6,1,0,pt
60,828739113200da5d5bde1a57f59e12a2144d3520c426c13fb74bb69b1302f2f9,13,7,2,1,1,1,pt
61,59dc0cd7e579c5b32ca8114e277f486b280612dcaacead049c877e82847ea4d1,36,19,4,7,1,1,pt
62,3d82e67afd93f891ef90befcd019d9a70ce272987d0ddbd7875ea4063b7861c2,19,9,3,3,1,1,pt
63,745944a6bbd73d305f3e5fa67490cd6c19533ec52b682e4818cb0591749ed782,40,17,4,3,1,1,pt
64,0792ce0dbb092a5ac7d2c717818217739e77584d558dfda2375d8acee43cb96f,21,13,3,3,1,1,pt
65,d69ff78800cc9494dd3e49a8a0291868f2e7fa8efaa0a2041515cc8c14da836d,23,15,2,4,1,1,pt
66,4f3cd39a19f5911ff42426409ad9ae00e4af0a7ba76958a73e962011fd52d090,7,5,2,1,0,0,pt
67,29c58bdefc3663a9b5fd4dcd4de1da85d625e53f070d920d6871bdd3c0608cdc,30,14,4,3,1,1,pt
68,822789035547122eeb5251257f271171c2db3af77c0fbb799441ff3f8a68e25b,40,17,5,4,1,1,pt
69,89ba305fd425f00d9363050eee947de6cbc9b9830a4b33bd6d15adbeede8f002,34,16,1,7,1,1,pt
70,bbae45aa1891a30febaf0dd73530a594f4356f59d26c25a14da3bbfa4436b61e,22,9,2,3,1,1,pt
71,bb88033efa590fc58e4b4cd476b22c6749ecfd2a091ad08f678004712626e7f8,22,10,4,1,1,1,pt
72,46b03db5150239f5c45cf49fc62a5e1364a9042b0fdcdb9470be3b6d83f8cc40,44,19,2,7,1,1,pt
73,4fcd274edfc57851c6be9701663ed676bb219f9fa0616baff3656b2f32775d42,24,9,2,3,1,1,pt
74,442f1c21891ef7d14dd99007b0409f58d52981ec53b4ea2e6af1bc38e0c51b71,21,9,3,4,1,0,pt
75,2f8f0be3db499df66a7a372868b50db571f042ed18a14b450430361fcb4d4c39,42,24,3,9,1,1,pt
76,a05c45d9083e7adf33599f1f3a00e96081e6bbcb2a5512137ab200ce88fdb360,38,21,7,7,1,1,pt
77,fc9eee1c82f0531f1dc7b3fe06760d29f8ef4db4ef43b13b1bfadad333f31d39,19,11,1,3,1,1,pt
78,ffb8dbe943896622c97ef8e9e3b069791375f9ddf97c2046edccde6b71054337,46,21,7,9,1,1,pt
79,af412bf24ba6bbb4160f2872ccd256262c8417377bdf9145326dee3bd6e8c740,30,15,4,3,1,1,pt
80,c1adeca001c8482a45a8f5232c2e63a20b2a25c3343224ec0f45abd9841136f1,33,16,4,3,1,1,pt
81,e2a9977b085106b9b57ed5965029c215e29e64c0f3e6f84ee504e4e73c312a4b,49,23,4,6,1,1,pt
82,b4614cd70572ccdc5f81fde885460014102cd21b421e4fd447594de1d1f80f72,16,10,2,2,1,1,pt
83,b480e114f612161b6b7acf252bba47efb4829a62abddfa8784d1ddc684507853,41,14,1,3,1,0,pt
84,56b1a93604031aa562c970e139907dc9b95c39ea1871d5c9a22cfebbbaf8d4eb,34,16,3,4,1,1,pt
85,2c57541e4e2e12b3a41ad2eeefaf4cbb67b6a04e4621c271297c7c1680b61b94,41,16,2,4,0,1,pt
86,c6ec39996ecd3b744520f62c085f4e32df9d5c2167a93b312eb3f0b70d9da881,21,10,3,4,0,1,pt
87,e2c7237f127b2dc0a54b6e4aadc5c2ef8556cce5c94aa54937f65cc3556d1e4e,40,14,4,4,1,1,pt
88,1c9abc9ab566fb54256e354b508ddb4203abb5450a6abe54daed08145361c6bb,38,16,2,6,1,0,pt
89,b1b10d4faf6a4322519efe9b6e699c51be5c28624a37ce441ec955288efcfa29,37,14,2,5,1,0,pt
90,8418c44112a7157ef8584dad0f45cd2f0ed6c795a2fab87357728806c09fc295,43,22,4,9,1,1,pt
91,3901ef0c5b12c6cc6008cc78b4ce174c2c5bc84bccf086eb8bbddb225dd01cfc,10,6,2,3,1,1,pt
92,3af07eccd19b78bc87fab1c1ec0c773f2d93e3d783efd498656bff1844a28237,46,25,6,9,1,1,pt
93,1c6de1f15d40a73fde8e8b2197e144cd2a24d6994a3e46249d3cb0a127781266,23,12,1,7,1,0,pt
94,e26eb82c8974ba551cfb6ec7864e34e463864834cc0ac96f3cbf04ade3ed8904,24,9,3,3,1,1,pt
95,9795fa8305f9394ed8ce6c165f11b27a73830e9b0fe444ce375fe690495f4d61,42,23,6,9,1,1,pt
96,19c87e331d7eaf465b0205e192eda0bc7df15cb526baa63f720ef649b596715f,15,7,1,2,1,1,pt
97,c77577982c9287229d29db509e80721224bd24e97b435dab385fca33242a7b25,38,21,5,5,1,1,pt
98,65b0b8356ae7028c71dedfa3425903ecd8763c028d4dc0701af1963e51217859,24,14,1,4,1,1,pt
99,8902b2e27a12cb2ba5a6e52eda18b67762d99d70cf01c81c9e4489e49d453066,28,9,2,3,1,0,pt
100,95aa5fade58b9ebf544aaacf13786baa79708f6a7482eac00c42c7ad52d36efd,37,15,1,10,1,1,pt
101,30f34c3c7b96c28c37ef02a30abf9dec5fc5900ded20040d4deb65b226787442,42,19,12,5,0,1,pt
102,a614b0055392be74274ccd4b97499b07eecfc24aa5a0458890413054c440e994,38,14,2,7,0,0,pt
103,7510b580d052cc2459c41e1888c8144d21cbd0ce65b7c06a45d963f6e00a17dc,25,15,4,4,1,1,pt
104,65ee51dc175adfc6a117df5b1f2e52d079adbc1eceac7e926633f73eba6e7fe8,19,9,2,3,1,1,pt
105,7dfec6e70bd388216bba10b3a437b06f538bc768ca3941d907225db00c1550f6,15,8,1,2,1,1,pt
106,73cefd05b1dd132e5980deeeb5e073de0c9fe0f9991a0c1c076b06e06c659bf9,15,8,1,2,1,1,pt
107,cd6726f6c67d5498e460e70acf5a684aebde4f4dc46f203e90e4bf39cce219aa,36,17,4,8,1,1,pt
108,3e110f51cc33d9131f466136bee9923eb7a56b5f65720bab79c5bfa078830fc8,33,14,2,3,1,1,pt
109,2141432b5a691fe9a541d7f5d6f4e017302aca6908dbdd7d0bf196e056a347b3,44,20,4,6,1,1,pt
110,3cac761fac2ec6352fb5b7bf5f6cb824505f68e94e88b4eef5d0668ce8e3490a,12,7,2,2,1,1,pt
111,8538e8e52cad4c04e1d8ced846600d19111b6cbb7b0b1e55a68502682a602d58,45,26,6,9,1,1,pt
112,ee4a59d1b837eb0bbe80a759cb044153110a799bdf1f49e6d2a9cf367191323d,31,18,6,4,1,1,pt
113,5ec6a11fa42a0efa426584397082951e59b4114720d47ba575e5b410c6604caa,49,24,4,7,1,1,pt
114,17b4e4121be5f022b3de79c507a5679a0f00861d3a13eee3a971d9dc727b6edb,39,16,4,4,1,1,pt
115,9694d30afeda6804386b7c4c10af810fd75d1ff0c4864713255b03a0a497f76a,12,6,2,2,0,1,pt
116,7a03ff19d2a69dfdcab09f7294c1f716ca5b63c594d534559cddb431060a9aeb,9,5,1,2,1,1,pt
117,a83292506cd4ff7fe442562179e8c2a6b3b760ba4a03570c8e1343a5351393c3,32,13,2,3,1,1,pt
118,b5947e634b40e5b1bed5434581c02d7bef8bd2f37778631a6ec23c43499c6d6c,29,13,4,4,0,1,pt
119,733147cd39a4c1cf38e3e25f1b4db7080ce7bdf2c2917100565f063f1a862583,32,16,4,6,1,1,pt
120,73e162fa9ed82fc650aa08e0dfcacce00ce60caf8ebcc95b62551a0a28e1b201,32,16,4,6,1,1,pt
121,2f2de02a9fcd06a42eeff5be753bab96108c16782998bc5dde8f7bc2f96f0bdb,32,16,4,6,1,1,pt
122,8e7cce529e59316a4df3dcf58ce9cb02370fdc9853dcecc012655159cf66a089,12,5,2,2,1,1,pt
123,01d5d47107ddf69203f3ad490379ae2fc44fa4f9ac75eb0f2360c5dbc5297b20,4,4,1,1,1,1,pt
124,63aa6349782f88caa9235ced3d681035579ca52f7977834ff046d949028c8f82,39,19,2,7,1,1,pt
125,733147cd39a4c1cf38e3e25f1b4db7080ce7bdf2c2917100565f063f1a862583,32,16,4,6,1,1,pt
126,10e2c41b2545a71c024bb72cc766467bf3eb320902916c7808612c10f83986c8,47,25,3,11,1,1,pt
127,73e162fa9ed82fc650aa08e0dfcacce00ce60caf8ebcc95b62551a0a28e1b201,32,16,4,6,1,1,pt
128,c42b4f640f45859234580d175892df8aacb777472b87458fa5a83055a0dd4ac5,12,7,1,1,1,1,pt
129,2f2de02a9fcd06a42eeff5be753bab96108c16782998bc5dde8f7bc2f96f0bdb,32,16,4,6,1,1,pt
130,a28d008106110fb172c0d44b431a9e950ab77b01ea66033b215d74457ec64f22,44,21,5,7,1,1,pt
131,9e2406280ef1b5bfeb2cabd2ca2a3970df8bac29aa97f47160a5c27114bf1c07,37,17,5,8,1,1,pt
132,94b66ae5039f853dec91e03de2b6621d72ba758d4e2107c6be99ca56a719595e,42,13,4,5,1,1,pt
133,617c3b7e7282b94095f6b49bbb876aff7c88f192874456226a7f7a92101c7f04,14,9,3,3,1,1,pt
134,aaf0936b86432062203e9244466171eb18dc01330c674f3c750d8f20c984a62c,37,18,8,4,1,1,pt
135,ae61c6ff93083b36c452c3507a902668942244e80ff4febbb3f4b21e5284ed57,21,11,2,2,1,1,pt
136,aaf0936b86432062203e9244466171eb18dc01330c674f3c750d8f20c984a62c,37,18,8,4,1,1,pt
137,c0babf7a3204fa846fb2817ee4d5e465d45b2b4096aac93a00284dbfdf50c03e,12,5,1,2,1,1,pt
138,6334e35e7f58ff59e220dff0ad3d45e50ca6803e963b66d0a6551fcdbac4ac2d,42,21,5,8,1,1,pt
139,bbac46ef10eaee0d11367fbf89efea0dd4eab210f33e2a50b7ccf1b9f13a37f9,40,20,5,7,1,1,pt
140,28ac0c09c1f5bcaa3e6878e80b301c52f84f397f6e5470d85945c79746fdfdec,14,7,1,2,0,1,pt
141,bfffe7b05729dbc26409cd69f958bf0efdc38a924dd15e314dd858a582fb7055,37,14,3,4,1,1,pt
142,104d19e0ab0b23f9feddd0825784bf736c1c22cd27b3271a2a80f0c35415a6bf,39,14,2,6,1,1,pt
143,064c85523225eff333b5f013c1c17983ce202805ab9826e900e470851c2e4fb4,25,13,1,2,1,1,pt
144,b2f33f8e00f98342c369475bee97b87886fad5f1ec9767361cc498149f204efb,17,10,1,2,1,1,pt
145,015cab90d77dd58bd6873ae391db1a4023cc96d2c13c5f7ac78aaa38d847629d,44,28,9,7,1,1,pt
146,704d46bf84ceb2d74e0a612d4355529b77dffc4264d1b4d11bff11b3f13524f1,8,5,2,4,1,1,pt
147,f24efb4a11ed2e837696f0720a86d2d4efcd720b66bf816c6c1d77a47a4746be,34,14,2,8,1,0,pt
148,82326529988dd06d19b245d555f349e9cd299d2ca457d83c63fb5ccfeb722c7e,41,21,8,4,1,1,pt
149,faecf24cf3a866f5b839da8b8eec91c3a3e342ad39d5d3964d78ac78e234d9b0,37,13,4,8,1,1,pt
150,4c11354c94322945d5d3bc1f1185370523e656709fd026ea37c62f58fd2fc198,22,13,4,4,1,1,pt
151,ce4046edef19c9b2cc7ada8311995ce5f04a16474a138a0e7e98d7bb90bddfc6,40,17,4,9,1,1,pt
152,b07fa726f7a635f18c418aec9763ccdd49a7146eca2c0e31618fb621c20ce0ea,49,26,5,8,1,1,pt
153,68f3a082c88424ded9c887b38761084aaa411d3c9d4a106015d72ee82a11aaf4,36,17,5,3,1,1,pt
154,b3a6834c27914def74cad47c29843bc3e75c3642a2a6ef4ffef8ffcd533ea583,19,9,3,2,1,1,pt
155,9beabfc6bf042d6c07fa3f8bbed7c938f6e11e492cb8c980fcd9c97584b03179,15,8,1,4,1,1,pt
156,8df977ba0e43b2efe1da31347320354d12d1c3fe4b1d897df6ba36b1a55df36c,21,12,3,3,1,1,pt
157,5c80655d20548b21f3bc92311cebacdaf383aec3096750a1c42d8d6553b66e73,19,12,2,5,1,1,pt
158,ee6d71d0ae828de56ef00ffa0d506b46ae8dda9f990ac090bdad3ae31d29a060,19,7,1,4,1,1,pt
159,ad974e85127bc59249f3c62cf234c5e5aaa058221f3ec1333473f507b9d2206d,36,17,5,6,1,1,pt
160,33a169efdddab8496f4e339d070d5cdf330e88db6a2f9f5e2ba9ee08f3864ed5,24,13,1,7,1,1,pt
161,ba984ac944b75d2fad1255092d159c81a291f8c1bf7cba49b43a363abfdac915,27,12,2,6,1,1,pt
162,c02911179ce8e123ecd7563fee2746a3fd6dc406f227e7e00f8f4931433ad26e,18,8,1,4,1,1,pt
163,936f77699ef466da187ddb180de7e2fc00b8b5aa6e4463067499f429677fd63e,14,7,3,2,1,1,pt
164,66fb4f67db247602745d0430f19ea83bbfd32e825b2dea38cf7336aa2d40c2c8,17,7,1,4,1,1,pt
165,9d9f13f2485cf8798f54a1b72c9a10fdd722095fd0faf38b21542c143c4ec022,41,15,4,4,1,1,pt
166,9d9f13f2485cf8798f54a1b72c9a10fdd722095fd0faf38b21542c143c4ec022,41,15,4,4,1,1,pt
167,9d9f13f2485cf8798f54a1b72c9a10fdd722095fd0faf38b21542c143c4ec022,41,15,4,4,1,1,pt
168,9d9f13f2485cf8798f54a1b72c9a10fdd722095fd0faf38b21542c143c4ec022,41,15,4,4,1,1,pt
169,bc9383374a43140c1e0b2c53da2d897cf54cd6d73b217d0f647ebd23e75a22f1,24,9,1,3,1,1,pt
170,4954a5d7d560182eefc7146b71d93b820bd2e4d70cc2b4289cb08b7f4748e02a,22,9,2,4,1,1,pt
171,630674d984da53aa1a54c624153c7f0fa3b26f64f6843417e8e55a1a151dae6f,21,9,2,4,1,1,pt
172,6fd84a51cda7e60524ed9ab69e071e453ec64b50a5cd0eef847c14abbe7c4ec8,48,18,3,5,1,1,pt
173,002b9094fcab02868319390f4a4dc4b8c74bb7adb4daa88d3b9f1f8ffa3d658f,23,11,2,6,0,1,pt
174,5391a77b5bb0569a641ccb567e665d1d4179c0ff68b390d1619436d1d977328c,30,12,1,1,1,1,pt
175,f213c95d4376f70a6bf99d78726b3aa462c961417127e765763a0148612e62c9,13,7,1,3,1,0,pt
176,4c66fe3e134bbfe3074fbed2df65c9452642a536c1f8ee93e1d27239e44abf9c,47,20,3,5,1,1,pt
177,aeb051d99897cde5b74018fdaae7e6757c7f664c00129d71169760c0bd5b79e3,27,13,3,3,0,0,pt
178,0388a15a5a69fb44d575e35a78e39dded0fc54658b132086478deabb695f329b,15,8,1,2,0,1,pt
179,7a6068f316dcf93f052a97358098b6feefc050617affb1d9b7136891b38d1200,22,9,3,1,1,0,pt
180,f348731a3eda2ae6618fed70dbc4e414cfd5c4c45bc525ea21cd8992e748db73,20,9,1,4,1,1,pt
181,fec6973ba96a2aeaaa0fa076fbe2333ff2c1deff01dcbecd6cae36709624f7fa,42,18,6,4,0,1,pt
182,72e47eecb2f18eb87e296cf46491443bd3ce1c87428fffe49aed6aa2926f6f1f,30,13,3,3,1,0,pt
183,bb7a48120f471201657175c3d12fe874806004c8025236d9b41fc928f68f0b93,32,16,3,3,1,1,pt
184,c331bd5112321d6526c68403d949a1cb231e383789ec5f7bf92a669e6b897c0b,31,19,2,7,1,1,pt
185,397d334506b39cc4fa164a558ae560b89e17b4a863f312fa68541ef15fa9cebe,13,6,1,3,0,1,pt
186,22d916ef0204d87d5d5f48d2b0fb64dc7f41f6fd4c33f99eed071e7869980b2a,12,7,1,3,0,0,pt
187,59c3ba6d18e66df13b721f3c1ead9bda95862eeb7e4e5c5f5f968f2998240925,43,13,11,2,0,1,pt_en_bilingual
188,4cf86e0241a49e7c005b9fd7422868ff9dec0cac11a3e0b029db0789a186070d,33,16,3,4,0,1,pt
189,df102360b702ea1d90cef4ef2788872ad4903eca2d366ef4e945bdb8cf1dfee9,19,13,4,3,0,1,pt
190,d64c1abb049763663826d98f381826cfdd5bfef4573a4bef5e4eb9d6b6c3f79f,21,10,3,2,1,1,pt
191,47a1256131313e1629b23ceac717d036982f36c7ac69cbc8abf689202ce05e83,15,9,1,3,1,1,pt
192,9e612344abc36f10e47b79420331ac516baf49459468818cab3ba1b97111bfea,11,6,1,3,1,1,pt
193,44e0ced4f3f6d3eece20e604a4c0ccda5875ab84cdd7159327587a6fbe780baa,33,17,1,4,1,0,pt
194,15cd71ca5274d1cb01ddd2979d8519d31ef5ef198ccac3ed1e7cdbf1b1e14937,15,7,1,2,0,0,pt
195,bcd24cb2e3e0564f8400337b9296672a01d9a871b3384fcab72b33e4017dbb91,8,5,1,2,0,0,pt
196,146bf572029950093fddc58f2247f58add29a98e1966f0b6e86699684cb38d82,16,8,2,1,0,0,pt
197,27b75fd526091c47f7806dd464a57ad37be5253a29e80daa8af81cd56d0bf530,33,16,5,4,1,0,pt
198,101da936fb539015389f5bd4d582114c1a926ea40bc05bb4f5a15fe507a587cb,10,8,3,1,1,1,pt
199,2624bd7a503f878c5e772c168af156f6e6fbba8df3fa7904d77bfd9c70011067,49,24,5,7,1,1,pt
200,446adbd70a7ed9d7cf2d6ea8827e17197c4e4a72f0383c03f853b7d417866c70,23,3,1,1,0,0,pt
201,bb3e205cb6db4e9d62023b783c10124109687d1d3fa40f1beb1b077909b17d99,47,22,6,10,1,0,pt
202,ece14c20b19f7f81aa893fb21b44c13686732373717c1a06ccedaa896499bd60,11,5,1,3,1,1,pt
203,fcb1438b12d4f4c1375c25ba31407bb79e121a2e06c83f3d0522e1e0adaeab51,28,14,1,3,1,1,pt
204,90e790aa40ee1c396819e4d3f9e827403f2d7feaea399c2f5cb41413a6313814,42,12,4,4,0,0,pt
205,40e65fecc16f2e45101da86923f938e8e7328799c3bafc4a1cabf513768147d1,44,25,1,6,1,1,pt
206,32dc203221b87ffd396cdc1d6a0abb9a4cdbf46169471fae1797fce8cd58fda2,53,31,3,13,1,1,pt
207,d74ca7f92f1bc626833aa5617864e013c0d1f5e1071eaf2edf99b74d48a18a63,18,9,1,3,1,1,pt
208,43364c4bf194fbec8514eb1d340115d0d05bb3389421c88d4497a482da940bb5,47,21,3,7,1,0,pt
209,dc1cd51725f22367cfbe0626776554b557c55d485600215d190e5a738e5b61f2,8,5,1,3,0,1,pt
210,f52e84ba8827cf95b0af2b2f32da2fdd97f9c3017c88352cd00f53a14a029489,51,26,7,7,1,0,pt
211,67ee956c0d71f105bbc1605ad03595eeef2f743bed53cb83934b4ec31f93ee66,15,7,1,2,1,1,pt
212,80dfeddcf18d18887005b6eb1239fc91833809db8ec6661fbba096cf35cb43f7,43,14,5,6,0,0,pt
213,4d862e41050a69c4ff14e9c3e6f513338a4ef59e08ff9374387393778bcf2614,14,8,1,3,1,1,pt
214,56c864db3567025f8685b480e7d3674c8205ecdc70cbb979c824fa35467ae65d,32,13,1,6,0,1,pt
215,ec85170d7e448edf43b2526d26a2fc62f4ecdb0d2626a212f44316ffd22d6037,20,8,3,1,1,0,pt
216,fd886eddb7fc821c7654600b62bc1815176e14c2ef554d91ec936692bc55a9fc,51,26,2,8,1,1,pt
217,9718035a757b2894b845d6836d821ed0f33bbb3ed003bb5905830a661fda6264,25,15,1,7,1,1,pt
218,c723c800ad804096b58178d425d4259da6738a9e067ec7c1debdfee49415ad48,32,14,2,7,1,1,pt
219,9831d9dc773b84cb15155724e7c2cee54924945e3f0a692145d01be61d2b656a,16,8,2,2,1,1,pt
220,c0376406405f0b131555b358ba304a5361736f59ee61bdbd05c81bd747a5ea23,11,9,2,5,1,1,pt
221,ad7fb9ebba15c1a45b50c9a2022aaa1f5e86e6bc746d7f82db6e42099d07d329,16,8,1,3,1,0,pt
222,f2f2aaf477cb273c5e36ce0a7d9bb6c08136b6253c4cda2944fcfad614e703b8,13,7,2,3,1,1,pt
223,2f5440992f3d70f1daa4e2ffb315e2830c283ef84be163bb3db918f3a92042c5,18,11,2,4,1,0,pt
224,3d88fdde74cffe04757bd15e88b2927cc524e69f10cba9cf45219013eb8c3ebc,12,8,1,2,1,1,pt
225,e4309545c0ccbb554011b829cda48a19212c6b0e2ef02b6d43fba8e967ae4a65,13,8,2,5,0,1,pt
226,77b658959217386506d56d37a1d30c246ed197655517b2b25d13a516edbb8148,50,21,3,6,1,1,pt
227,f9df13707f897212b5c0b68c08c7e0e97abdb95d7081db905d7192f472f01b0a,51,25,5,8,1,1,pt
228,ba2d0eb6e6222c3c17c4121facd4d9b2b2e75c24d4759689fa497862867245b4,42,16,6,5,1,0,pt
229,d8ecac0c4e5957f5287a43287635e597a69f3f0a73b478a6b8fd0a72662bf59a,41,13,3,5,0,0,pt
230,ff6084b499bb603d9f9d860d78f2de696c617344b2478a2592cff9c4fb4e5158,50,21,6,7,1,0,pt
231,47c286b04c8d6dc8360fe606655ee0a68d4faf841aa48dc999d71318790c1a5e,50,22,5,7,1,0,pt
232,727949c5027b547189ad958007bd73ab07287127e2024ea414ec083c67edc4f0,47,19,6,7,1,0,pt
233,f39e7ca7949b251eedfaa87cfb6d591e1aeb2df1550ac29c1eb11fab023c37e7,48,19,6,7,1,0,pt
234,90308c078c8567750d1efa0e23983ff0d9b64ad85bd36b23cb0745982660913e,41,19,6,8,1,0,pt
235,202d06d771329676d4c1406a2fbeab3ec4e665bf414c5ad24fe8a16475f02d3a,47,16,5,5,1,0,pt
236,326efb5092e6b82f803158de73b9ab134afba1d6cb2ff235068ef8dea3b1ac24,34,18,7,10,1,0,pt
237,91fa6f817456c7c43331d0ff97176fbeced09f6b99bbffc07529e33809199288,42,20,4,7,1,1,pt
238,d6eff8fbfa5723929495ac44446b75d33e3bc098fbdbe62d1b22e2e2f0b3da72,50,20,6,8,1,0,pt
239,7ce3a997099a6970ade082be5e63c657704077652e1eba5a6f82262eb7c3c59b,16,9,1,5,1,1,pt
240,6ec25e383df65cc34a401d0fb0917ee2d2b17c4cb97416e6f6dbe52639787021,31,17,2,8,1,0,pt
241,0bd4b789281cd97d3f309bd68494a51543ea8e1bf5bf490e4d0b1b29b04ec047,26,12,4,3,1,1,pt
242,d6939c74a3312bfa474384045b4231ff51828a7af1c3d6ca6ec094af37378bf4,38,17,5,9,1,0,pt
243,f96668f9e94628b6a598de80eff2633f64f2832c06c389ed0889d657eff6976a,32,12,4,3,1,1,pt
244,3a4a29e502dcfe80d06ce87ec6cf1eb0df7bc9ad78438da93d781a66f141225f,19,7,2,3,1,0,pt
245,f81490a39aff6743823cc831e37b9adc605833b072f1ba87b5a064810d1db2fb,33,13,3,4,1,1,pt
246,2388213c6feb7dda95932f6a259a9cc16785c28af9d6620fe3525b7341203d7e,17,8,1,4,1,0,pt
247,d4546d90b900a4171b52bda0c7003800225a88c8599bcf2faab9d6d493967a18,31,15,4,8,1,1,pt
248,9051a79492cad8f0e0768dff36ce1444d3aa70a5cc0061c4cd91a2259c2ee357,42,15,2,3,1,1,pt
249,fd3feef8322d9a33f97eee074d3f2856dad7562599433761698ad3d711a157e9,46,20,6,10,1,1,pt
250,33f303bc883853e663b43c72a58d39038ab466ff492fdf6380d28032b371e223,24,10,1,2,1,1,pt
251,14db9f45f96f5b042fc2b7338e7789b2f6e0a13e29927431f5fac392f7b6b39d,16,7,1,2,1,0,pt
252,aaf60bdc51dda5eb9516c68a141f41ab9e8237830472cbdaa9a67677609ca244,33,11,3,5,1,1,pt
253,815ec29f817008b7cc382014bcd8da62596e5d1fd25c31136cec6aee2f0ed633,13,6,2,3,1,0,pt
254,2114ebfb0fbfecc5cc322f1de4694d47d50a4cd5cf39c95160e75f98fd1c5a51,39,13,4,7,1,0,pt
255,3eb09f232ab340ec413943494f110e30c93729afb5ffdc1c89cd43610a5c526e,25,6,1,4,0,0,pt
256,cd08cd6989e5533469bf82387e2fee890803357b48e73e438014ade272d3492f,45,23,3,9,1,1,pt
257,f46976658e11b9d06389088ed511ed356d3c236404fc9a3a2956267a0e8cbd0b,20,10,1,4,1,0,pt
258,56b5db115bb0da38715246b4a6a6fd80e3f10b68ffa34dbd6da7c053bf32bd2c,5,4,1,1,1,1,pt
259,d72736b6cc4367c0c8ddc95940ed193f5d8e9fb88170e71a70b8309b1a91d73e,20,7,2,2,1,1,pt
260,0b52962ccd6511f8fcb9379120f826f50bfd0a873e8de0b5c819c8e1a33ca13d,24,13,1,5,1,1,pt
261,f5bcc86d1174342d6e416d6b275f48e719c55befe910a7f76e3ef516cf3907e7,23,12,3,3,1,1,pt
262,832c374bf0c122617bc608208d2944bd95571c77e4ca2958b350272acd00624e,25,11,4,1,0,0,pt
263,de891f37519e1a5043dc65609013f8b0b0c50a5799d3e2d8a89ad21a731f8ad4,21,12,3,3,1,1,pt
264,90685c848ac2f8bd6835614462c65d89e631c04ed510e9f420e74c9b5bcf4cd5,11,7,1,3,0,0,pt
265,7308a544e0d856b4b147c55e990453da645b9d9f9945505a80390f2f3886bc43,10,6,2,2,1,1,pt
266,cc72937333c27bdb79c607dbdfff1d3295f1f351efe1f55b14154c1e26cc3781,29,16,2,4,1,1,pt
267,df6d962aeb983f68a9ec7977cde94d7b32268f6dec287b9580a7f59cfcb9855c,40,16,4,4,1,0,pt
268,e791b19f27003febc8766fcf5784bb4dda694eccc22bc7a27e1ac4dea489653d,24,11,4,3,1,1,pt
269,3d1949710c4e6749bf683a1fec000d2d59fb292da25a199995c1dcb61cc6cff9,42,19,2,7,1,0,pt
270,03c8d1547629edec26a21f139cd111f645d29a10de178577da9af875987c6e20,15,6,1,0,1,0,pt
271,ba198216ef384a38534445bbb50002dfc5c44efb7c78d2129db1640df7576750,11,5,1,0,0,0,pt
272,c19d6e5013ecf42176c9fb09a421db8d1476628527e6ef2c86778de1c05f473e,29,14,2,2,1,1,pt
273,67cd5b5ea2d670120b7a1c231bfe18d63dce7699e12ef0cf6ec8955a4f3e307f,39,17,2,8,1,0,pt
274,3c7d84e513280f35fb2149e6ca319a53efa97565c320590d9fd9cf66f6893334,34,18,3,4,0,1,pt
275,57304445f565b12b0db7b8dfc767851f6498945af5f2bbdefe0a9bd0ae415121,43,16,5,4,1,1,pt
276,ae4fb58119858ebbacf7f852bf6e24e5bc3bc39f051e67d2e3cf2cf259be5863,17,6,2,2,1,0,pt
277,0e5c35c0c46a452f393e558627b81aee3ac39144d6a1b1e072a1d146a19ea039,26,13,3,3,1,0,pt
278,6bbed8c9ddbcf1cf030e4d9449e1b44365993ba9caad0688bd137f2e8d0a2d5e,49,23,7,6,1,0,pt
279,72e39de1e5d1e537f7f809e6933aa0c87fa4324917fde9502b787ee2f7a73e39,20,11,2,4,1,1,pt
280,93a6172e592575b88f47e32ac4525f3bdaabc125a0c7a7a35ddfb04f98192aca,13,8,1,3,1,1,pt
281,2c28427b361cdf2f1ee4e4548c906079bcf1fc5d6e460ce2ce9db957022d4f54,27,11,4,4,0,0,pt
282,af5fec3a2f4eb95dde5b488f3a30a8632d21815992bb5715104e6c1d0c825c5d,30,16,2,3,1,1,pt
283,3b8fb0556417b6cc6666f32591235873a5ff77c198fa0ef615fe70a9a5ce92b3,13,9,1,4,1,1,pt
284,2d4ac3cb4eee2c3a1930ae82a36b792e703e7bcafa65a789e31047596698590d,18,7,2,2,1,1,pt
285,8212a779688c1e7f22075f11bc999a470046d50c90051625bbcc48939f7c7df2,55,29,4,5,1,1,pt
286,e437ec2eba8861ce50b7a70af2cd2b98aefdd176034f5ea1c7ab95eb96b2975c,16,7,3,3,1,1,pt
287,e95aa6bd0855fa900817877a14f14de172f7cce4818e688c66e9249dec31278d,23,12,5,1,1,1,pt
288,e3b50af2471d10274874b2db334029462545d28e2d2aa0ba4acede725fc572fe,20,9,2,3,1,1,pt
289,93cef0afae942451318ece26b79a0a7c592837f330fc4fda0d30f566a54ec66e,12,7,2,1,1,0,pt
290,c64045cf890e13081fffd6560fb02b32a30f0358a642050c5fc3c771197144eb,14,8,2,1,1,1,pt
291,2745c8e852cc1fa50a52f131bf810c87f925133d33818bba94486346ddad121a,51,23,4,5,1,1,pt
292,3569ff70f870d4fc57574be075067531fedba6c710ddcdd418ab0a92e532f69d,44,22,3,7,1,1,pt
293,f3b6087bf29b310b01d02abb39d95b4fcd2164efc59524c66d79b21c7d6bed8f,9,5,1,1,1,1,pt
294,34be6a5e049d50e068ce6be57680e00fad1e5e4f0a7dd51ea79867291d8e28fc,44,18,4,5,1,1,pt
295,c41b4fc87404bdbf1ef9adc18826949ff2e536f455c739a4d42312f2bdafbc3a,42,23,1,9,1,1,pt
296,d64fc67d504a79fa9fd04efa01bb41e5b1b95992a2e0d68fd434d1fb48986848,41,20,3,6,1,1,pt
297,d64fc67d504a79fa9fd04efa01bb41e5b1b95992a2e0d68fd434d1fb48986848,41,20,3,6,1,1,pt
298,d64fc67d504a79fa9fd04efa01bb41e5b1b95992a2e0d68fd434d1fb48986848,41,20,3,6,1,1,pt
299,ee9d8bd63af9a96ae6282dafa09f8d374e7262c3186061582780136760d3dfe0,14,7,2,4,1,1,pt
300,90c68f881f83612f59877366209f02c5b3c54b369110485904d95b253f11ef1f,47,19,3,7,1,1,pt
301,fa3e26afea35804bc77e5625e0ef9c9b0ebea98884b097ee755e567a18fb7a45,32,16,3,5,1,1,pt
302,58b468079debed0b9d28b00212083555b98a5aeb88f6fa5859d3f95d1f361909,29,16,3,5,1,1,pt
303,a0c768f8d5355cffd7b742f8e614f1553e484ad6b98a09937dcb1f797891fc3a,48,23,3,10,1,1,pt
304,fbe4327c4bbe23f1780bd8f69b4f84ec71ade623f4a1d4d960db669b290d080b,39,19,5,4,1,1,pt
305,496842f2d65c36a69da57f33d3929cd5713b94f5834f80969a318fe8b4af6a86,22,9,1,4,1,1,pt
306,c0e9e6d65a31676ccb62d34dec550a1fe859c9e0011630ea4f8d44279f41a9f4,35,17,4,7,1,1,pt
307,7c824e3291de3762f689cb1522aeac7bc6698d13760257e17aded9bbfc6d9da0,46,20,3,7,1,1,pt
308,b5c9ddd9c5f22d9d5b6209650fa115c942b8f1a3447c656c4d7278560eb91509,40,23,3,8,1,1,pt
309,12d82a6c0a36f84265e493ca16589fe644ca76ddedd40897750e573ab6692ad7,18,5,1,2,1,0,pt
310,34e0838b38ae5e3dff0593a07e1eebe2f22f652a141914cf91fbad530820cdc8,23,11,3,2,1,1,pt
311,a9c54ff5afd398bccc234f0fdad363f98b9ce6a3a64434a01082f584ebe20abf,26,9,2,3,1,1,pt
312,9c692872166f6ada4b73f55857630bc39902ceb8bd49c3e2146fd19d51eabdcf,18,10,1,2,1,1,pt
313,9bbec6f8be9065f1be6ecf2f0ab0b681219199fc6299ba8facc5c75b29e304de,14,8,2,1,1,1,pt
314,3b81e91860f6d7a5db896ba699e4230b2dbebfcc46701b5440c369f7f823ba3d,42,19,3,8,1,1,pt
315,aab347d5214b52f130e5abfabf17ae70c09e9fb43dddf0807741c673a4c86959,36,17,3,5,1,1,pt
316,74025e0f60955c77fd36fc969e45eca14ac318ffd1712b35ec9cbd7c60cfbc41,23,8,2,1,1,1,pt
317,b7cd00092298d94c3d0215ebf8d74cf067bbc473c597055a9ab9e8b10f17dd51,44,20,5,5,1,1,pt
318,8db1a67be2cd1408658ec94da7787718c20cd30e106495f816397c170792e946,32,15,3,4,1,1,pt
319,0e8a42314eb342402610a2c240597af0e00e3617785536422eff7f8db597f64e,40,24,6,8,1,1,pt
320,892646dca3263cc8bfd11f66ae6bc095047b77268807e952495c6330845758e1,43,17,3,7,1,1,pt
321,d7dab22f1b55ecd1d8f0448977833dd06d174b67974955c0fe930d26e869912d,14,7,2,1,1,1,pt
322,24b6b959ae7307a498c6ff08becccef39ad0e8fb86622aaf20be6ee87c84b2e0,41,18,5,7,1,1,pt
323,29822d919a72be97820e0fc3829cb70be358192106f8ce679755007c09d83905,24,15,2,3,1,1,pt
324,4507b74625bab95d832e447d35f95c648f929db43e03b16637c8624e3c125e56,5,4,2,1,1,1,pt
325,e616e08e6a71ddaa8f2a59438dd83d72201ebab8b99b8e794540643c6d08fe4d,8,5,1,1,1,1,pt
326,714905cc2dd0442ecdb5fd2abef48d3d6a8745bb724a62443d84eda72686fb6c,31,16,3,7,1,1,pt
327,eb460736dd4c5221ceab2ddcbab6ea33bb81c99b250662c5b64c521041c5342d,20,11,5,1,1,0,pt
328,0c70dec7d79d7a954eca6781602f7475ac5d444edef8753bf6c2c54fba2bd612,42,16,4,3,1,1,pt
329,98bb874bf7a6193e3e0b7a89fb133ad1e1dac0062f88ffa565ae3c5cdc0021f1,45,13,5,1,1,1,pt
330,933ab4cc3ece376bcd438aee449fe125cd1082471303d174f390e7ce6e3f1663,32,13,5,5,1,1,pt
331,c5f8ffa7f1ccab51bb3a99a22a888da36f7da36eb683cc1b2b4b3c71d4d8e67b,32,12,3,4,1,1,pt
332,334e206f25811a13dc0b0de8a5ecf06ae9f3190b12aab390d1f40460aa7e82cb,39,17,3,7,1,1,pt
333,cd0740e1c2693feedae9cde1217c87c37837bae74ad68eed0fc682290052be1f,16,10,2,2,1,1,pt
334,b3a18030aa8ea47e6a05d8bcbb64293d057d3975e336f174ee3c047bae39e955,10,5,1,1,1,1,pt
335,bb401ddaa4ae3568d37e76ec75ce3d44695e6a2478ff66642c555afa5b211ee4,14,6,2,1,1,1,pt
336,d8522c069b8f0d527332649f4854052c78d1ad43d36dfdde7a6e05c7aa425168,42,23,4,5,1,1,pt
337,ec1aae01ec04f15181159329494593c1b86b6e29a7e09480f2b4169562fcc629,36,19,3,7,1,1,pt
338,277f78de16f94223f6b8b884efc427290d79e11c0279d5ae38af0667e55d884f,52,28,5,9,1,1,pt
339,d082c299f7e9f06be6d2fc0da01b043833362af7f7bc897c4dd6e379c30e11d5,47,23,4,10,1,1,pt
340,ff60aa20dd07e0b8d5c5dcb64fc44df799b2fc0ab792e1830bfc3502c6e571a8,36,19,4,5,1,1,pt
341,2be0cf691518ec86c94804ddb26d6673a440f390b646808f1f654481e5d3fb47,40,18,5,5,1,1,pt
342,09b771c0fabb5da52d4e444c4de42a200340ae12bd6f0cd6c40a26c969707e29,31,15,1,9,1,1,pt
343,fb4009f5cc86a047639120f343764315e8db2a6183c793e9b0aa556a43a77905,41,18,6,10,1,1,pt
344,97041ef46029a917f5444b1e1d5f2b735b86610e58f8c15908accbaea3de595d,46,19,6,4,1,1,pt
345,47acbf861b89bcca8197424a154d5975da4243d0247f32308ff739958dfada0d,12,6,1,2,1,1,pt
346,85c00ee9358e5f7c4f75d47cdb9621f5bbcda67c9d59f2c5f82ae862a4b78637,20,12,3,4,1,1,pt
347,c9e20f11eff799e750fcf67dc374a2dfb5acd16a88eb357368df9aad2a4219df,27,12,2,6,1,1,pt
348,cac55f2929af2f05d792b65503ddeaccb681345deb63007e5ad031abe79971ff,34,14,4,5,1,1,pt
349,5bd94bc291ede245a266f436a4ab931ef4e6db50eb32ac862edd8ba811ab3c78,42,16,1,1,1,1,pt
350,fd7cc8a368e8daef94363798992aedfb9614fcbc93a5547daa6d3ad886509eb1,21,12,5,2,1,1,pt
351,2fb29ce9d0eb65f37b1a0f3df1796e10096140b5fdb50435fd24e4be493fcc60,39,18,3,8,1,1,pt
352,ecd40cce0e219f832aa7dea928ab1a58758c93a220eb4df789423c8623bdd5e9,43,14,2,3,1,1,pt
353,f173ae6ffc0ac0de2fc727e6307cabcc15424f6668edf278fef6ecd4397a5514,54,26,3,5,1,1,pt
354,8a7735b0603142580280758f1766540c6eeab10331c6ac27891b5256d9fae6aa,40,16,3,6,1,1,pt
355,b7dc62f823d977a6d8d9c0c0dae8d51a3afc8dda728e4cc58bc7545db75a0276,19,10,4,3,1,1,pt
356,65a80d5a3dd2b365d2eece35357c9fd3f7d6a3761f92c8aaba36d346b65ecdbc,33,15,1,3,1,1,pt
357,08adeee625b2c176547dfd20028e60299223c33d3c08c5dd937c35e86f7e19b1,15,7,1,2,1,0,pt
358,578e5b6542ab29e055315dd0a264d2397b321082a422c54c0de2a9ec5611afcc,42,19,1,4,1,1,pt
359,84b50514ce8ad4cf43917a8e1e9395084745bd9488850ea65aff4990e2e50082,13,8,4,2,1,1,pt
360,8ce99a3ee318b319359ee2ee29fef286ea4a1d1e4c32549b05e63c0ce527a283,19,10,2,5,1,1,pt
361,4e919e9d49766dcba11bb87e9a9c261a2cd6e6c3e5bf78672f9f92560aea6212,26,8,2,2,1,1,pt
362,ffa86500cf0f92a6d07ac5aff4e2d9b518686c1cb6ede7fd78bf31c194ecedec,13,6,2,1,0,1,pt
363,19147a1d2425bd6e95621ddfef0ea5ad8f3cb60561de14f841d1ec06f3c84bb9,22,12,2,3,1,1,pt
364,c5674f0c25fe7c3cbc3b42571c9ac9ab4a61b42c49b376953aca1822048f06a1,46,16,2,5,1,0,pt
365,cf43795aec8da5c924193ba37d27d301a8161619dcb1a951847207bbd33cc445,9,4,2,2,0,0,pt
366,f7ad13adc5281692b735aa04e852ac1847af05a7e2609582e19f0145392c2707,33,15,4,1,1,1,pt
367,3ba1aa436b9f923b8a2e5a574abbb7b905aa80809c2587f513c9603fc5714bb5,11,6,1,2,0,1,pt
368,f226969a9dbfda8c102ceaa93f77b385bd724ea62dc853bda09ae5bbb32a779a,37,17,3,2,1,1,pt
369,4c345b54eeb5f3f8e8d6dc2c30bf196e7b4a4f9547d2455ebf7bf04650b6154c,12,9,2,2,1,1,pt
370,487c9593df31265075f496b3da343c9a6d2c85cef71c951c405fb2d21e803b9c,5,4,1,0,0,1,pt
371,60ce7be36af132f675c1eab10338e2d1543b5cd0b73c0006d6c57f83134a2d81,7,4,1,0,1,0,pt
372,d0dcb923219b1d4a219f0705e7149b4dcbd41078f19476026596391af9adeaba,15,11,1,3,1,1,pt
373,2e7cf91b9aac897020ff097645585192be1f8f88619ce5d0bee0f4631238829b,18,8,1,2,1,1,pt
374,e56c4b027df311a9e1369d157e0c3758d0688873f668350d327a0e1a8f29f123,43,19,6,3,1,1,pt
375,72e83d0df22457917f7938834895b68c32f9113245d5d97663f0da5bf0dbe0a9,33,15,2,5,1,1,pt
376,2601397d5f16d06b2a9354658ca6b16398438cc382dbe6388b1eb4ef2c3dc5ac,52,17,4,5,1,1,pt
377,142865bd1a3ba6a122bcd7ca1bd668064bdbb06094ff305e6941d36e4b70fb22,24,8,1,4,1,0,pt
378,f2788381e832341f761d616675f857fbf8ab7521d2e7865773be17ba8163af34,9,5,1,0,1,1,pt
379,2e92b5a63c60b24c8d824775e5fbfe3bec9b1f4689228ee704108f8ef0881fdc,52,29,3,7,1,1,pt
380,e30b403db43b608d2602a5a808912938fc462a182f0e9999d06652a2c1a2b40a,27,13,4,4,1,1,pt
381,8bb0380d9fc819b184e5eec97770042cbb4f8d592ed0ee62da9292a7b222bb86,20,9,2,2,1,1,pt
382,bdb105a38cc83e9087fd51669bb758ceec5882c50d14080eddb86d840cc0ba99,17,9,1,2,1,1,pt
383,6cdefaa6421f6da22d2bcc4431e9617fa3a596ffe748bfef0dbef693425f7979,29,13,1,6,1,0,pt
384,353cf4e4a4ad985ce7c27fb7cae6995ffaa2c816e025badc3e99d51769cc5f53,12,8,1,3,1,1,pt
385,d3acd55f90ad9a4c2600a2d86abc4039d1bdf58d721c9433bbedd0d71f20eaf8,12,8,1,2,1,1,pt
386,e083f72b4fd50c3665e679520a2da662000bf91fbc5b0be31fe9fb92484d89e2,28,13,1,3,1,1,pt
387,a0364667e0df7bef2edfc9287829e1a302c1c34051384417e36e50b6ac9ad15c,9,5,2,2,1,1,pt
388,a0ecba98b5fb423e05eaf624d2326f22be09fc396d357e6eb2e39042c4880fa1,49,19,4,4,1,1,pt
389,fe43d3d99e5b540dc2f1fdc7caaf472a754ad47be78f4655cee2b3885fde007f,13,8,2,3,1,1,pt
390,604ec4758842a8c8d044c013322acbc12aabc1d0b5595ec2cf899d6857d25073,29,13,2,4,1,0,pt
391,d48fa43c2ccc7e017625da39b2dd6a5345ada17aa93ab914ac85c940c425c785,54,26,3,9,1,1,pt
392,ad57431a48e5d96b24ce21094bc0ade0d160dd3fd26dcd3898a895f6df5d3ca8,13,6,2,1,1,1,pt
393,48b78ebdc72908f452b7bcba98982a0c92871f00e7704389070a5dae996a1289,22,9,4,1,1,1,pt
394,2a97311cec37f9318878576e934f2344b0c12355ac46c2ac78217a4629db8564,54,28,2,6,1,1,pt
395,33f71485f60ffeec0db560d230ce92fa4355461f46f4d3da26fb2d5e943cdc43,49,21,1,12,1,1,pt
396,9138a9465c56723504c25e6c86a753c85353a45c72d66b013a9b8449c12aed33,24,12,4,1,1,1,pt
397,ca5f631d27ce1f693594bd2843e0faae1efb0a419f8bb34bfbe08317905efc86,41,4,16,0,0,0,en
398,6dbd42f1b1c1a04e42ab7fccc93494c4eb3ef7378e4879d1170b31f430990cbf,33,13,1,4,1,1,pt
399,819cd5bb3c1c2de3161208bc4667a65788985c9f29c99bf5a80c792733417259,49,5,24,0,0,0,en
400,a94a7612959a2b5ba0d22197b7ac0b64a1d3fa068548cf7977bf14b6987b3dde,30,5,12,0,0,0,en
401,2ef67dfb2874957c5f4b38a8c938d994b10f667bbc0c07f617aec195a822d120,45,4,23,0,0,0,en
402,bcfb2c66fc4ee16bd26667c67c6c24cb63732a08190ebdf15e261f6425ea922b,47,4,16,1,0,0,en
403,e1bbea3a4c25ab37df660969c0ee02da22970e8b27d5effa18cf04e9c7b2369d,45,5,18,0,0,0,en
404,c43319d35dbd92deda7a0ed80c6291a3603eaa215faae325bc91a038222e8e46,46,5,20,0,0,0,en
405,8e040c651e43cfbb4336094c6b7c8730fa274ae0d556edb0e9fbdf07fa965a78,21,3,9,0,0,0,en
406,7704ba861cd3b16027fa9b8f705e14619715a03ceed6b98d2945abfe732b6d28,19,6,1,3,0,0,pt
407,ca60f1170db4f332cdd4a7b351a6e347682d0f606f2d79591d0be4bcc4ac394b,44,3,17,0,0,0,en
408,3f699ed0143d6445a5b2cf9733d97d7d0153cdb7119fac131dd3f6c5973adb34,36,4,19,1,0,0,en
409,3f59ea45ac3113ea1b7ddf98cb18f044537f07cbcb0a9ad4f2f7420baa3bedf0,13,8,1,2,1,1,pt
410,007a84d5560e7876e75595f57e3098522f48e0be5c1c3da888ba8189fe9246c5,42,5,17,0,0,0,en
411,553fffdae9a3e4d7b0cc4fc40cf82ef7c0403d9514d34be13d2b1ce7f61381f9,35,3,14,0,0,0,en
412,c13d7ff3407ff347183d12afc14e165a2831eeda682cf855cbf5b86487bbed61,47,3,17,0,0,0,en
413,959bb01d9d2081ef3c6ce652c30bd8a4dbf02ab80ae980f0603f92390fd44215,24,3,13,0,0,0,en
414,f7f835f2d94c788cd38da03976f78b9ff5d2ac131912b7e3830fa9d8185a8151,22,4,12,0,0,0,en
415,049710d78374c9163763332e2e25fed8ec15df747c31b5dd39bd49d95d2a3801,17,2,7,0,0,0,en
416,bc67f29f335f001c57bd35eca2e3e4c5ebf4ddd008939476781be253ac460fc2,31,4,18,0,0,0,en
417,73a96dab8bfac412b30a419caa87cd886b1f729e461299c05a6ab774054cb787,54,4,28,0,0,0,en
418,9a3f09c085e9ebe54c8b17a326a654793e2262bbf45db712f89134fe13396ac6,32,2,13,0,0,0,en
419,a0f0edd7e8b8d3a68d10371eb00ac742b5b5acea3417a1306ec8741f8c29bb8c,31,5,18,0,0,0,en
420,af6595b9c7ec778ac75ab47e8c2890434c3eef814d4b28be33cc61d36cb73852,38,4,17,0,0,0,en
421,43bbe7e9068a63b69fec9c460d6b4aea6128b4e622e070a94f0c87fcfc893b97,54,21,6,5,1,0,pt
422,305fc9e623f1762d5716298a62ea3f8cc80709994f4236b3a440b6e384b9aaff,48,5,22,2,0,0,en
423,38abab4df3cd475074472a552fb136c2a6d6f470bdb088596d3b557fe49a293f,21,12,1,5,1,1,pt
424,eb7a1a7b5c02ce28f58ac390abc3b6c69e6211b229f0fd156dec9373c703107c,50,5,23,0,0,0,en
425,c246795fbeb5b84ddd1d5890261062135f2cff8ce6b38616629eebf31db3e4d3,23,4,8,0,0,0,en
426,5daa6b73223370f789911d9be7f5247b625aa8fb268840db26ba962eb810ca16,57,7,32,1,0,0,en
427,5ace26aa808bb666796d39867923d4c93302b044d851e48306a2bb584f88e2ff,45,4,21,0,0,0,en
428,a3b9f3218b3afb8b2b3d712d17a5585f783298e095f99fe4a684d983f6af3371,57,3,31,0,0,0,en
429,94eb41aabbe9411c92e4a79749e24f11a244309b0e2294160f32269e55c99392,58,5,28,0,0,0,en
430,4b3256b7d4f35a611f115644470513dcf23e8940083ddba93958061b9da598b6,55,5,22,0,0,0,en
431,1d6fb73b922d20a679ac6ff3d48fda2098c23b73fb8f71a2cb38a0b699ef4c10,51,6,24,0,0,0,en
432,4242aaefc74d2d06584a7e0007259be25780cc48807cceb5043767cf9ed4b4bd,33,13,1,4,1,1,pt
433,106e66d12f0f632bf69bce386989552e5e2bf6ebaa31f5225bbee68998cb89ac,48,2,15,0,0,0,en
434,ffc0af16babab3d95e5bdd488160427ac2f168b21e80a769d45a5a4792db42c8,7,6,1,1,0,1,pt
435,da17108a7588d5fb565d7013443217d9ae41c79090a5cba038f54dc975a246c1,34,4,13,1,0,0,en
436,30f4d1ab1b7d7d72943f54a648fae6b7eae7144deaa43507bffe44361c6dee2f,39,5,15,0,0,0,en
437,728eb62215db99f0c0350485b53088b345ef7cf1da77f88c3e9d72662b45e2ee,38,5,15,0,0,0,en
438,b8987b5767186b19aaa3caaac20358c784525f0184f23eab10c81aeaf73e16c3,31,3,13,0,0,0,en
439,2a3a3e3edb04000d6f1bd76430db10f968b9d8e26c7c9cb4226018ada2710827,43,2,10,0,0,0,en
440,a2c702ee637ee27d766019f6c1e4f2680f11abca118508ffd1891d1db54473da,30,13,2,5,1,1,pt
441,c4fac18bcb0f43c712088be7d3e4ae34697ed965c16f29a16be76626c34b1965,20,10,1,3,1,1,pt
442,47e2f9f9b13d8103facfb5a12c4aab29c487e9ba2b1e91d47ba39cb2e59bdd86,49,6,20,0,0,0,en
443,6eb46b28781af2bbbe1c8c212a6cd3016f82c79536b03764c2d0c93c507764cf,41,5,11,0,0,0,en
444,64805002c621f98b9dbef027650a5e3517014adf38f9ab32f224115a95340ff5,30,2,9,0,0,0,en
445,24b5bf42b14717e89ea3f04fd0cb5f42f387586288a515fad0041050b4058382,24,3,10,0,0,0,en
446,934c7fabe4d99d7db554b8854e859b290cf98012fdddbfa6953d46da3259ff79,51,6,19,1,0,0,en
447,0ba7a013db33690f93e69e1e1997573c61b01083663865e092ffc123a76dcf47,55,7,29,0,0,0,en
448,dee99c448e4052c621bdbe8467a087f9910dd3aec2e4f6a879de2f56c8d112f9,18,2,6,1,0,0,en
449,778369f3bc19319c2b45aec15ef8612e1ec620735f1f1d6999707bc79ba3525d,40,4,13,0,0,0,en
450,85d24730dd3d070fec3d0a9c4fbbccb1f16d3e093df3535cbbb95469ee0e0ea2,40,4,13,0,0,0,en
451,345d71e40732a1b4461e53d5e97b59f1f5a60421f347b1f013d5b3367b754243,27,17,3,5,1,1,pt
452,5ed26676d5d2d669557a6c04646c5af1f416500c1010fda9cbea48d93e64b989,15,3,3,1,0,0,en
453,96676b30dda7c043e140f3de3a1bf6387ce33a1ed2ed04fef9d3b6cdca2c193d,28,5,12,0,0,0,en
454,7698dcdef772b0a625672394d8af14076780fe28662c0be9216407f957cb89c8,16,6,1,2,1,1,pt
455,42fc0a81446bd932e67c32885070746f0a3fa8048dacfe839c1841bb5de5387e,41,5,18,0,0,0,en
456,9c32288bc04e4367b50e315e7e8bcb9c87e892d3f04efc296023b634e32354c3,22,9,1,2,1,1,pt
457,731b79ca2dfe5c59fb3a53b6793f77ae7b43d0c378daf7061c50ffc079d316a3,34,6,19,0,0,0,en
458,393cd6dc751584045ffa388c31883bff9b2f718ed1938fd38a0d5b41a84bb854,30,4,9,0,0,0,en
459,39de00d14a2f9b7945bae87b80091aaee673eba3a045d884666ada509fc2e798,52,3,27,0,0,0,en
460,83d8d25463c4a520a219a812a595908168fc82785e11504dbb1d1ad143a8862c,37,12,2,6,1,1,pt
461,9ea4ea5c6a495ee64e59e6b7ef7ded8f9171917b70875f8de08b1c7f843e239b,28,2,12,0,0,0,en
462,0fe897e2cc96ab47003bae8ac55752ccf739c3df677a8eb0f0482d293f8db41a,50,6,20,0,0,0,en
463,7075242454c30d5963339bc78383e7f2099567dc2688897a917a58a802fd1882,40,6,22,0,0,0,en
464,f0faab96b121c31a573a4e79d89ce119c7ad3b2010a04af991e657fb07d91abd,23,3,7,0,0,0,en
465,96822b7bf949eaaf4f2495b616389afc570a5eed1363be2464c051794074b0b4,9,2,3,0,0,0,en
466,084df95892a356c7e8e7f9c5aa0ce7b653fee6d4b31a993567c90bb62a1d5f66,12,7,2,4,1,1,pt
467,fbd79248eee3f96465f8ab95c1b55c3a03fd2f7c6a98e92c31a36fd91547b910,47,3,13,1,0,0,en
468,1719963e4c9040ed6f9350343d9bcaa2d19c32aa41cf784f2762cf72ef8ad467,40,5,16,1,0,0,en
469,6c4f0b1a1ad3b14771ac2812609e460c627cf79a6a7c42684fe931962c67b21a,35,11,2,7,1,0,pt
470,34a1cf5de361c5bfdb1761ce5fc8e77ac07a043b7c17612d96d93edcdea0db3f,36,3,15,0,0,0,en
471,320d50ac92a0b8487e3a328b00a3e03aeb6770c0e62259ccb7c11d26f8fd6f0c,36,3,16,0,0,0,en
472,9f7107d07b41b468499aa6056369003739e315379b04fda2e8740811818b8f70,39,4,15,0,0,0,en
473,9e8d52299444806340dc5bd678fc362beaf18796616de0c25e41750448466162,45,5,16,0,0,0,en
474,9bd7c942bfc7876094b1a9490ccc2af313f87b52b77c9a62d61a497969df3b7a,35,2,11,0,0,0,en
475,ce744be56470d891b8d62e92885292c7c6727f3b74ac7dbef70e200314b27db6,38,2,17,0,0,0,en
476,8b30bed7a09bd951a560a71e7df77c2effc09bd3f378f0c19b35505e3336cd2d,23,2,8,0,0,0,en
477,aa62f38b8990223cb4410638162d49b023b4a6abf3cbe9893792107243ea49c4,33,3,5,1,0,0,en
478,6a4aff1d6391ee3097effeaef68b76eb2fcd4bb27c925e175e1d9064b45f7e7b,39,2,10,0,0,0,en
479,46a61fcf0243f376ce159cbc3ea8e6fb3fdcf95d61002dce2ff58b484ae3e468,32,2,11,0,0,0,en
480,911c89ad80ba6894ea3a9fa64da131b0e73cd68218c71a19ab1c5edc4c5c7279,34,3,13,1,0,0,en
481,1c9863a9fbec7e7446a937a773777bcc48631e38e9bbfb387794f5bf3f2bbccc,19,12,4,2,1,1,pt
482,69fbc58a85ed7bab70078e30bf131fc35c3dda7c3a646a8e6ee914d3073c0abf,15,10,5,0,0,1,pt
483,f1e9c7d21e22a70bb8fc2ea15d4ed28142a3dbe9817a09591d1adca32588edf4,10,5,2,2,0,1,pt
484,b9abafec50a7f9c02702811952cab464698942c780591999e0489cc7175b4c95,28,11,3,4,1,1,pt
485,5ed446af0f9fc0052b99e8c31a1c10d28ab4feddf66439b4830764b7cf572c0d,22,2,7,0,0,0,en
486,dce936cdcaa2565260c459e6dc3cc1bedc4c4a8ba5c46c8a02438e619484eb23,20,5,9,0,0,0,en
487,c28ee6b7ca5aa656c68533d9d5876587cd8cd8f897690d666c0486a56ce5122b,51,5,27,1,0,0,en
488,efa2ba5391614c499cd8d230ab3a4d150b0105e5a8636efdd708d70622f2f4c4,13,6,2,1,1,1,pt
489,6d634ec16b1a41085a6eb9e496129b112b6f98afffdc973cb8460e37a862ec89,46,26,3,8,1,1,pt
490,7049412dddbf5908348a3d1d7dace395ff12ede3d9a14ac39ae972d93b45511b,16,2,5,0,0,0,en
491,06ca19b309716ef8922a1901378fb9973a356d10c43ab72736249679577c0ce6,35,14,1,5,1,1,pt
492,f04205044fd6d71766c330cf4c0837caf72d0647f16494b4fdd833e2cf82e49b,18,9,1,2,1,1,pt
493,fc4aca0f6701d92d606c38572d7c06785b6d05641bee730d45e56fbcfb5fc55b,16,4,10,0,0,0,en
494,7b0bded7cdd692bdd4b414da9348d42dd6a7254f8fd27e3912f382dc80ceb4f9,22,9,2,3,1,1,pt
495,79d8fb7c47ac348c3c1e218eef9115ed6b186a7c336bb1f6d36c8abdcfaaf3b9,60,3,28,0,0,0,en
496,e341ff0cc5549dd03f76b72b98b88edafc918620cb119739580530384010632f,60,25,3,5,1,1,pt
497,ffc9b702b31f056ed237625b97648d4cdca815e1fd42ae8e38a40f6f71e1158b,27,12,1,4,1,1,pt
498,c4b2a25e776ff6d1c71194f42c93d8fe7dc5453d48bcd934b88b47902ec7b8a2,38,2,14,0,0,0,en
499,786d2d68c0c1f133f390d25aa9f515287500e99f15800fde529acdda59d64740,45,20,3,4,1,1,pt
500,f26c59dae222414d91cf6bd63ce64c3f9810452664e02bfb8b8c3a26c864b896,45,18,6,5,1,1,pt
501,830e11fff302d043615cdca7462957f2d9cff96e3e2a612c74ab8f3b9cbe9035,48,18,6,1,1,1,pt
502,965fe4ea860862c575f7d6ddb8bf6b02585d4edf13b49790039d6c1ac4cb6248,47,17,3,6,1,1,pt
503,03b4ac798aeec7696ec1b546ad20e6995a2d9ebce952584768e586e9eb59e3b4,13,3,4,1,0,0,en
504,45b876b0768d1650ee712aec97015556144aee0fa2d060664d167dbe768dcfd8,45,2,15,0,0,0,en
505,836cd1b8fc1752a79ae02cc147f0c8819e16346f99b6c9c4a961eae37639db6a,37,8,18,0,0,0,en
506,51ebbbcc3d7c377f501b0f90657cfe709a88b3865dd7b14476efbc93ebf5e3da,45,23,4,2,1,1,pt
507,fc00d2bf3390fb0684ae2ff4ed69fbc0ed3462bac257760744c63cad97b5c875,8,6,1,2,1,1,pt
508,b0afe214b78ac1ff575cfb4805c7cd598c4a07f4e88e39296c6785948011f3ff,8,5,1,1,0,0,pt
509,b6d183bf549b4139a05b39d7750c1e664cb0fde8fec7dc6dbd4ff4db741fc347,49,24,5,5,1,1,pt
510,846e394003d3e6f0249af66ac5030a66378dd139eeb9b4000dba11da66423660,20,2,10,0,0,0,en
511,c4905df206328808f6052881474669b6d4e49e793372b154eb0b15e78dc07ec6,33,2,12,0,0,0,en
512,a8e0c8d0df1c3a4dc42ae3cfa6cfb4b938e457cf9e4a0c97823ddcb67b3f576b,10,5,1,2,0,1,pt
513,91ec2fafc656b963431b60a85e6bb3e33daf1d8ccabf6b72286f8c0687e2c929,45,4,18,0,0,0,en
514,ec897adcfc0d867b8cc46b036af421dee37261fce5a00647cb0d972f6ae9dc6a,13,4,1,0,1,1,pt
515,bb5bd8e27921128d410509c255cc7bdc8a3a317e07f760d1f3a898d6a899af69,50,3,21,0,0,0,en
516,afa8ea47ba447fb8e5b6697ca8d2aa18976f852a1f18b11dc4f7b9c5a73514aa,27,11,1,3,1,1,pt
517,75de8ce72ea370cab8a72b87a255c95813a8b003d2ded3d53d6eaf0f47aa5790,7,5,2,1,1,1,pt
518,a0b6e2ffc8d554b193da512b5737b5c3272ce9d54ccbf19c2c982ba9471913f7,21,8,1,2,0,0,pt
519,d6f4a4ff72b578e904e2aaea1e28ef0db693e014b561b433d35cf9147e5bc620,12,6,2,2,0,1,pt
520,08602b21c7afb7921dae1bb552d34e8a878e055ca494886928d037c020dabf84,38,19,5,8,1,1,pt
521,97702ce35b9bece18f0412cceaf4f0a4386c0723796dfad759e941a69586172e,35,17,1,5,1,1,pt
522,55d3748a5e84fa7eed6fd5f3789a44db7c5958ac69be855aadf1f7f4920695a5,13,5,2,1,0,0,pt
523,2618fbc19e493d479b8f0944ac62944e1a8be3978a35e9f175ad2e2f4e0c7a21,23,12,3,3,1,1,pt
524,22ee8a2c8b0c3af05d7ce9a10d247b478e8ffd26aa3d9e81f310a1f1f8e301fe,25,12,2,3,1,1,pt
525,04385625c5f8dab62f0f8d60d2c9429dbac8d601e9b881144b2c1f4e0c697294,11,5,1,0,0,0,pt
526,ff761e69f44d66b54552f23e1013f42dafe70ff8332bc8ccb36c28513a91e767,16,5,2,1,1,1,pt
527,574531e86622ca0f1ce5d1a01ce0c10ab5aa1a0fd82983b8150c414dab28f83f,16,10,2,3,1,1,pt
528,1df4359d2639cf2af3baa17d38f89159ee766794ececd7a30d5304e6675ce4fa,41,19,2,9,1,1,pt
529,d29e68f0b4d5b7a216248d4afd518b2ef71eb886dd8bdc1d11cc58df6e27e10a,5,3,1,0,0,0,pt
530,99b8a929ea94455d38d73b05b7224c107340d36e3f3b66e9218ab52f314dea23,56,6,29,0,0,0,en
531,f7cc4059b84ca26b5fa123e13f03e248885bf49c93db29486faa81a143c30434,30,14,5,3,0,1,pt
532,7a63e0e4c9bb7b2156ecf1fc137caf05b481eefd2f0ecc14a64397b1adeb4cd2,20,5,1,0,1,1,pt
533,2c00e7c5bfdcc2d27d16a3cc00fb1440a11239cb07f487beb9c6682473d20eec,21,13,3,4,1,1,pt
534,045028e34bdd90b1c843f8692ae847bfcd94cc20da83a8ed9bf79a855e96455e,39,17,2,4,1,1,pt
535,72006aadf070216b58da8c5f0b0618a2c3c16e0d2468f0664555cf4d2e5ecf8f,15,8,1,1,1,1,pt
536,0723b08a5d2cffc621861874647d56443f31c4a1844b468d2186683686298699,27,12,4,5,1,1,pt
537,6a0a4c3071e9f7631a5450f6490c71702b4b7a1bdbe404e786ed76f208f04336,36,15,3,7,1,1,pt
538,c0fb7006f96fff48168014579591eda7cba5793065a265ba3044f52f669288c3,9,5,2,1,0,1,pt
539,ba76c81205bdf2c22d147d8ef62f66d36dd19d6f63eaa7b4fcde2acdeab65522,30,12,2,4,0,1,pt
540,566653a9776426fd5d7656c4e46374165ccc93c6c63d4cc98938bd0fefc94803,22,10,2,4,1,1,pt
541,dfd8b80cb885f716ac9aedf5863a7d0d24e54f650f54aeae3d34acc4e4c0ed64,48,23,3,4,1,1,pt
542,7c2b8452e02e9fb83163ec72cfbd2736aa98b99340fad1264963f591128b7aae,13,8,4,2,1,1,pt
543,696f8b3a139bea0051cb94d9ee3b0a0cd486ddf5c1052f985b8905f4440d2f52,28,11,1,1,0,1,pt
544,976b6ed0234d1c067c0956e2eb1f7338918c0fbc3a52cc859874d98a699e206d,12,6,1,1,1,1,pt
545,189fa888dc22d101fc533942f6b3b61048497af66c52378d9e15629c4ee26e97,31,13,1,2,1,1,pt
546,69a377048131caac9eaafc7b1e64355cc33e076d93ef975c6e1002e36cf6e22b,22,11,2,7,1,0,pt
547,6f9c1561af11ebf90212ad2ae12f57c367f717644d5b0ec537db5a399c4e34e8,55,26,4,9,1,1,pt
548,9d010f1d5e4cf907090759ab70e64a2f03df84609818499c2aca8aad005edfa8,44,20,2,5,1,1,pt
549,d642d9094656d19790b94f16cc82816af4d650d191e4c24bcfefbcc81462f30d,18,9,3,4,1,1,pt
550,66719f30de31af6688981a22830a080a5b6d1e2f9ed80df1553f86d6dc8454b3,16,10,2,4,1,1,pt
551,dae21de5cf0096dd1672310a14710cb797a66b22db6fa6f6d2bb977dde72099e,16,5,1,3,0,1,pt
552,d7eaa7712b5c85559fdf89093eb8c0596f581bce4f82b33e6309af65d67e986f,19,3,5,0,0,0,en
553,d367ec8cf5b5944a34b35a16242266ca3066e28be77efe0a383734a27efc28e9,22,9,2,0,0,1,pt
554,b35fc468e9a8e261bb37cbac8f3b52173f8e968e6455bcb47d0bc5d8f0e4f117,7,5,1,1,0,0,pt
555,ce9f12feaedd9a2e6754bfac8114914d8be980da5cd003e9b157aa7f1b3ee77f,42,20,3,4,1,1,pt
556,4875e500dd83c950b0eaa5c8ee9580fb557a42dfaf3abbce5058429c1b2345cc,11,6,3,2,1,1,pt
557,af7414378f9f4bdd838581e3d8ec84c3c07c722991585982663672630888d6ad,34,17,2,2,1,1,pt
558,3b4e1827a30e2be3d82834f76d243983f932fa6fd03bbb1d68d295b7e61cc8bd,10,5,3,1,1,1,pt
559,bae456b7369958a2ed76890965f99e97d1338aba518f03b79bfeec1f3bf7c622,50,21,5,1,1,1,pt
560,ed9ac08e4962d85104203d0c4e48bd700abc2c66a68fd9edf901d3bf4edbe72a,15,7,1,3,1,1,pt
561,2742b74955f2d1dd33e8ac8e8c092635dd4a8f79d86d2bdcbc49653d44ae2fa1,11,4,1,1,0,0,pt
562,5bb0c52763e7055c198b7da93cd6f1f9e67f2c63defdce9d9e05bb1ebc3f8645,12,6,1,3,1,1,pt
563,d68ff5f227e9a5822667b97fccb49729706a20c9eeade4a216a04d0e71db4079,24,11,4,2,1,1,pt
564,a531d1da0f6e3e5ee9ea0388c7e1127008d409320fcbdf787deb0e1f9e4bb91d,18,8,5,0,0,0,pt
565,4a03f0a56c6ce2fdf5024560328a4f162f48b81dd5f5128631344b7f7c149a5c,26,12,2,4,1,1,pt
566,150faebc6a2e40c99d0e979d0d5dbdff667ac053c3af12a82a1d99987eafb3d9,36,17,1,6,1,1,pt
567,88c863d19b08c6fd49ee8de83f976b454a1ab34085d5c798d5fe86e20b83109a,13,8,2,2,0,1,pt
568,1bb499475d112826949a7e4590c22e8fdceee7125e0cf7a3960c68ecfed48b03,38,20,3,10,1,1,pt
569,5dd581a4b2cb779647435a0328dc1055ba8ea5e4012d5d859659a5ee70f763bf,10,6,1,3,1,1,pt
570,ce0935483b36ab409fca003f466df049ebb04d8e45ba8ff4823f7dd08fca8489,57,25,2,4,1,1,pt
571,625fda770ee9f1b52a7e210a7ff68ed475dae0e614319ba3a13b8473cd25db75,9,4,1,1,1,1,pt
572,881bff14758cbff2b820e9bf2ad17ad4f5ca87d239899f5410f4b8645a493ddb,16,8,1,3,1,1,pt
573,e5ddb17a34321256f9e9850238fc75ef052949620186dc193864c02d90b87a27,45,19,5,4,1,1,pt
574,4900cd86a72800e7f8a5b52a958db05de65fe7e2e9f9e139f06570b7ba91fb4e,32,12,2,5,1,1,pt
575,509212ab10ae0dd7774599c7c7dc7506c7d8038748698baeabed9ffa3050cc46,31,16,5,3,1,1,pt
576,ace5a1e511412f0cfecc676da6a5a562be40696d28b9012e2eaea40edb9378b5,39,16,2,6,1,1,pt
577,9a67dc91bdc79468f4f8ac0fd3e10203f4e6cd7d6e57a46e8849a94384f0db38,18,9,3,3,1,1,pt
578,c79c03cccd38b1664be76338ff46e04d9b9b1c62c9020e29dd574d5b89bd340c,29,14,1,3,1,1,pt
579,684b8d157e82d3cb9d4a0129761433196c6cf7c1698a672678924ad6f6a872ed,14,7,1,2,1,1,pt
580,c4c5bc4192a8c758b3ffcc46244cd0229ff2959b1b2bc3ed1706a8b4f7b05094,53,21,6,8,0,1,pt
581,adb2a386dab8579d17e0575e903195c70455f16cb461677449a7e09558489743,27,13,3,4,1,1,pt
582,1977303fab5c193bf9fb8193c44f4c0266288816b3d355aa04c53382b2348f98,11,5,2,1,1,0,pt
583,cdcf27db60671fe28fcad0cb4251bff9e60742b65e5b80c355bbef2351c6e27c,28,12,1,4,1,1,pt
584,e27eb6f6d132b0f65ab3b7c463376c8fb690204f25289b2235c6699e3789c3d6,16,10,2,5,1,1,pt
585,19039aa6cb7ff9bdb52eea2e7d3b02c27c0d186e623307748e8f68cf8d10e6fc,46,20,4,10,1,1,pt
586,bfa000b2ed88c1c72a9d89657610665f6fd1b3f811989a3c8dc3b60434f6247f,11,3,1,1,0,1,pt
587,a6d77ab24a2e7ea569474920b2933a70cbee8a90a6d387f8e849ba1bf172607a,12,8,1,1,1,1,pt
588,6cc6fb4a1125b22bc8b4347690fa25c87bd1dbb433833b7f17720476ddba749e,13,6,2,1,1,1,pt
589,bec97048e0c0fd2bc379d7d40e70b2516b8f0553788cf03e808668f90b826603,41,3,22,0,0,0,en
590,7aa204300ddb5c74420d5ff756e4271cbc135700ae8e26b580584b703ea53961,11,6,1,4,0,1,pt
591,55cbff5b1803201d7f059e129e87b764e83e68258df282b4c0348158adf02e16,27,10,4,1,1,1,pt
592,35a10b60a0f0c5f37484093ce7425e993dec0a8c4dee4ec2944a88644d84c72e,50,22,3,5,1,1,pt
593,0b4561ebf8451da2de62a15fa67476f8e1217fe42a3ffb1d345d5a7c9e6b4a3e,17,7,2,2,1,1,pt
594,a3f7c17209386b2e737e6ee332a03a04e40d39060be28f2eb048c59b1e0ef025,14,6,1,3,1,1,pt
595,28356d8bcbde103a3708b3cfff0d597ad6f43f93bd8dabe9ced2eec6405a383f,10,6,2,2,0,1,pt
596,8bc53a50dd9b5280c7762288b7319170f27b08976f10796e45c916e9387c29ac,44,22,4,9,1,1,pt
597,8c315e595f43deb0c47419bc124d0fce0e57b92fea8e3ffe4491dad7afe889cc,9,5,2,2,1,1,pt
598,35718a3b3b4432cdaf648525758219bb2ef97a478f2fcefe2a6e8b1a19e00670,39,14,1,2,1,1,pt
599,065b1f7b83bcf6a241d4122e826eed917d02b0c28713f979ed560e5e04f3866d,30,14,2,2,1,1,pt
600,1b6eaee7a85a3b57b23a5eafb3847ef3175dbc644c31678ada4d5c14bf4f9964,7,4,1,1,0,1,pt
601,62e59cb4a237cd6d9f885163acb720cce0e786ca0ae5001445a9da8e1c0f7682,17,6,1,1,1,1,pt
602,34735445e482b48f45fabb1e59d5979ed7525bb3a1190b4f9f1bbfff4e21d0c9,28,13,2,5,1,1,pt
603,6a2e6f9cf4b145d282b2de84a4704634fc067a9162dcc8255e9dbc31fd921f26,14,7,2,2,1,1,pt
604,b61ddefffdb88240175bd762d1995526ecafae2962f4ec93727f7c6cf6f0121a,10,7,1,3,0,1,pt
605,1940cff724bf6e48a637085e3f4ec1250a2239f7cc7738ec4ca3ae2c3c060328,8,6,2,2,1,0,pt
606,79ef36c7918b92ee63d49df07a9fecb4210aff6f377cd23a812c9041438b340a,19,10,1,2,1,1,pt
607,dff35efa032431fbddad0c4bfd3e8ea1d0dffcd855a2a0d9a9876e49d402a5c2,16,8,2,3,1,1,pt
608,5aecdd667906e5bbcb452051a9022ebefba93d903969700d8eb20866326a6497,21,11,3,3,1,1,pt
609,2d7094bbef5f4f1cb0e6603faea4888832e048257f4a8497e0a7aa9b94a83927,14,7,3,2,1,1,pt
610,45fa3c53d498be9116e33b5036c7fd267868bbfe290a7c9129704313a1a7adfe,16,8,1,4,1,1,pt
611,8f4bbb2b973c2b1af6593d3b679c6f982e1c3a2b12b805e0265284edd773ae70,13,6,4,2,1,0,pt
612,f92d5e60a06ee446546a1d4950df16d161b6733b6f9a3619ae9936860b978305,12,5,1,3,0,1,pt
613,1b5491e6e3b240c1b195f1111ad5df8ee73f50b194bdf4951432915453a7d46d,43,19,2,8,1,1,pt
614,7da21033b1868e2f0ee5a26b81b235cb710f0c3ba1de4e85b07affd607417f00,16,8,2,3,0,1,pt
615,219acb67fda9e84f781a3e94f1b393703f1efb91c5bbec3fc3e868bf116937ee,13,6,1,1,1,1,pt
616,9ca8921fd0fe5336bf9d237c88bcb70de221335a6a17f447bee7696fae9f2a7d,23,12,3,6,0,1,pt
617,afcb4a49d620baa76701b40b1a47e775cb5ee79f1868f99b1fddb18982a5510a,37,18,3,7,1,1,pt
618,205ca52cf9c96550ffab93651bdc6ccaeafdf6c0bd31b2a6092ea7c9c047f2d0,44,23,4,5,1,1,pt
619,755199980d7be3ecf56f020267c9cab6b44194a96d2fda491933d1ded7bf95ea,52,27,5,7,1,1,pt
620,50ad7d0f0bf3b6b944abf55f9dec4a95fcbdf31d7baf13595f04c40c772254d8,38,22,3,11,1,1,pt
621,ea3f0a8d433dbc51a110388bdfe3fc2c7045ae4560be305572118e4dbf932267,14,7,2,1,1,1,pt
622,533cb87eb2a3f8ee82ffad38632071460a2c178f23a79a602283c4fa6863f5be,15,8,2,4,1,0,pt
623,811ee048ffef8988c2053d6a0d34013abe5e54a4c931ae6460277609422545e0,19,10,2,2,1,1,pt
624,2869a476b3b7dfd66b763c40a69df2e7de7fbc3755a45bec5321f3989a395217,41,17,5,6,1,1,pt
625,cce49d2fe663611044abbfe823696178d68a1b9a4846292fd93a0507b65d49d6,8,5,2,1,1,1,pt
626,145ac9117cc41f3fb160565258e622ea7c66902cd46be65026ef7dd2a38ade45,12,7,3,1,1,1,pt
627,5e5412297dd6a5c9b272c4b48a622704cd2e8d649b9b8a4f7f5c67d1f910666d,20,11,1,2,1,1,pt
628,07acdbbad9b5837da9d249e5ab0848b9320c0ceaa4c8526bcb8e0e74a77d5581,13,8,1,3,1,1,pt
629,96bb46bea7b3fdc3618be9a3f58de40eaf4b94f9c9129fcb2a46ec252198b401,26,9,3,2,1,1,pt
630,1de99e4801b3583ad15dc9c0aa9efefc0dd4bafb5e13656c1f8f6f6ed85282ba,7,4,1,0,1,1,pt
631,5c0e28f91a767394eefe3e5bdf1e9cc690d340d5b310953cbf029eef1176df3e,9,5,1,1,1,1,pt
632,68c09179b990d846700bce5106cc1e0ca74f2508d299526b11f9e10e7ca5b1fc,15,9,1,4,1,1,pt
633,1f8a562e0626d0a6a6272d35099b887d802744357f3fd45d24d1b4b0d0ad947b,22,9,2,1,1,1,pt
634,6fc0528259854fa66f6aecd53bef763c183978aee298eb050edf525a66f5f367,55,26,7,10,1,1,pt
635,14ee7166b86b29d40b816d9b6e2b1398d3c9d8ff317fbc2312ac4e625a9d7873,33,3,11,0,0,0,en
636,996a7fc7bcbce33ae95610a11884e8287374c2a1e2dfcfc42596199e7d0f92c7,15,8,1,4,1,1,pt
637,b5f63969edcf6608b9417dedbc2b3e6c570727dd6a755da2da4c2c74881119c4,22,9,3,2,1,1,pt
638,67f79b53a97dead4301d2b9d1f57fac515e131d09e019568e8e425797e1d1d9b,31,4,13,0,0,0,en
639,62e99186649d9583ad483c1a14f8d1f338160615feb65409e5dd40cb91c9c210,44,3,16,0,0,0,en
640,3efab6a6844314c393b48fe66f486765961c2d9c4d225b1874dcf4b25a0c231b,32,3,15,0,0,0,en
641,36d1e3ee1110a262e95f9c58cf16d4f13d94e3eea89320a0ac30f9cf4296d24c,38,4,11,0,0,0,en
642,3dc660ffba04b08cf400c8f65832cdf2333084de4a21b61d0cc4158b7503bb42,10,4,1,1,1,1,pt
643,36dc608dd196f787c99ca769ea61a8e95fc55082b0b43db60a6d74b1d3fdddb8,29,3,7,0,0,0,en
644,3e4db582bab6e69f7d1af1be32efed88ea425bc570526fbb78b4cff74a8481a0,31,4,13,1,0,0,en
645,629174ad1e8ae4b71a4ec77a1f0c6b8b2096897e3b35cf63a1a57538d201a1da,21,2,7,0,0,0,en
646,2c2d5545c34b89d4b7eb5f2fa57168fb539056ccd04c0b1c16269765b39fb5bf,41,4,18,0,0,0,en
647,30a146b61c81bdfc4d4edd5d3edad8e04e8d71222f10aa0aa842f95129315a1f,27,4,8,0,0,0,en
648,b62288a03d20256eccbceddd1e1ae226f7890d24408ee5636128b93ea9a21978,32,2,11,0,0,0,en
649,25ba882307a97f543eb9791379d8b4d36ca8aee2ae6ab71eca47461b30e7d4cf,10,2,1,0,0,0,en
650,431dfc866925cd6a9b14e585e5950a1021a0681368e55da6a4d42d920995b5de,31,2,16,0,0,0,en
651,0527e9276c692fb0c5ff72cd1254b2839699a2e23d8d0b5282e461729612c48c,29,2,12,0,0,0,en
652,87108e41a6825cc9bba7501aa5bf68263163c5cecbc2a8976371f06e7a55e2fa,29,2,12,0,0,0,en
653,d0a7327f3adfd8f13274aa454740304ed59f3f68a2531b8dc46538824b970a85,10,2,4,0,0,0,en
654,a4d0362f7578df589960f9f9ee1a1575224308456519990f95a540a65e33c26e,37,4,14,0,0,0,en
655,f7c59d7ace38ef6eae8ef42103e74d7cb311c80829c8a6a3366e2a95443aabbe,44,4,6,4,0,0,en
656,08598d19ddbb15eeace48cfeff686fb243c8c1e821217a0b28df0327cb032814,38,3,17,0,0,0,en
657,4231043e422ac7c304574834edc8faae80230d71eb24d550c4b84022e45c4113,31,12,2,2,1,1,pt
658,c065f253e9b00491889a0bc533aa78c3b587ff234ed4059a351b8cca5136cec7,31,8,3,2,1,1,pt
659,3e46fbb9861170947a93866c5c9a285d3f9f6cb2e0b7227350d32e0befa2bbfc,43,19,3,8,1,1,pt
660,ef5a2cfcda20de88d6e0f3ef186e4ea6fc4b116144c252523e74fc1b2ba1aa28,29,12,1,3,1,1,pt
661,c682ab67557c7cd0757e552c304381510dc924606794cd0914ac6fd1b9da70f4,43,18,6,5,1,1,pt
662,38fdb0948c4b0e12b8495a0d7e17feafb1e7b02e31c4d8a281e2fccfd01d8769,46,4,22,0,0,0,en
663,92f0155327f051cbadee7bf6dc018cbc42b6e1ba1ccdb51b82a626061a1e8430,46,23,5,5,1,1,pt
664,e4efbc29c93f7025dac9b456b848ace62898b524b07c3549b0bf7e55d8ddb5b6,50,17,3,4,1,1,pt
665,6a36a38ff03307fe4c82cff815758644f4ccb156a5c46c23245bc77e72ac1e2d,12,5,1,2,1,1,pt
666,886bdb9490f3600c7ba79e7e39bef1e184490519d75f39e54a92595b786a0927,52,23,5,4,1,0,pt
667,84a66c0568c5b5271bda15569b7216404e2fabb96691d6a39e9bbcf14ffcd309,52,24,4,10,1,1,pt
668,cf331782177742bc1dc46b993b03f3c9ffa4250ebf396ccb78131e8268298554,14,10,1,4,1,1,pt
669,0263207f6175dad1c3f784bc73d31a9772c75c35b31670cba109432b55e638c2,11,2,4,0,0,0,en
670,c55d5793ae9bf0f333d61d4be5f4bb336a1f73e587d5a05e9a8bb48835b5486a,9,2,1,0,0,0,de
671,f0799873fccc69cfb8a9c6e374854cf1219a7d023d4532821af5ac4960a32ff3,47,3,15,0,0,0,en
672,1e7ed62d795ef484a13d6e141bbcec109167936b75377a5af46398eff96d738f,11,2,3,0,0,0,en
673,1a6d023ea9664732144e43afc497e52755e9318246f85a676c27a620845b99cb,21,11,2,4,1,1,pt
674,8a823fc670b056dde5a870c59d35d011268798e9a13278f5f1b73c8245b336ef,54,3,23,0,0,0,en
675,d7b2dde0a7521212ddcaaa5446b7222f573e8fdeed1b605debd1edf2acac467b,31,3,15,0,0,0,en
676,e0b8d46ad98563f3716041ad67e0fd280b801ddebb0a2b57db963dc400f7f1d5,17,2,7,0,0,0,en
677,e797b425844de05a71f2653a695d3862caa5dabcb331fcf1c30397e5a9d55676,7,2,3,0,0,0,en
678,6e2bdfbf0276285d144d5078e4f579e640e59407086e7205b88ae8941d38e01b,53,2,4,1,0,0,no
679,b4bbdf874ad603422bd288258570dee388e29ac2308177fa90e0f15614a5aaf9,25,2,7,0,0,0,en
680,0faccf01ab0cd8b27b88833d92a0a83975a6db849020dc062d92d460d246f641,19,3,5,0,0,0,en
681,b56da667474a31e36488239fcabc338d8233761b23b5b2350b1682bda3815a3a,46,4,15,0,0,0,en
682,90752a3c7c38775497fdd46742f2fe745227da429daeb33b1348584f460770a6,12,2,6,0,0,0,en
683,4b4458c519683955dbcd4bc2a3ebf336783cd6a20b6713430efcf84766668cca,43,3,22,0,0,0,en
684,730b8edb74ee8c7226c05392ebee670161af4b25a5bdde556561363638e12d05,16,2,6,0,0,0,en
685,786c7d2b8cff5f15cad84455fba9a30581354d97c90a218e950ca71e928e085f,26,3,11,0,0,0,en
686,c2f7c2a1a3dbb2926609277766a8f7cd61cbd5ad1a11d7bead57d173fb2ec12b,39,4,11,0,0,0,en
687,7cf60cf4ca058329c353b1d2375e72a9ff03aa210b4990e93ae4c14e2553dc8e,11,2,4,0,0,0,en
688,a85ddcffeab3094b2758a2434505cba4d70701c4655ba8600c0e1c3a11a58dba,45,14,3,3,1,1,pt
689,528ab36ca9b781ae7b95000ccf76ab84c92bd8f7ef5f6f3506ffb58963051ae9,45,21,4,3,1,1,pt
690,6307ae9056b8f426c746ee5a9dc9d85873007d8248c337a98ae8d3091edd74c9,47,20,2,3,1,1,pt
691,0409dc31d54274c6870c78f0cdd7c5a7ab86c153b0d2753393f65172f74f3a64,41,18,6,5,1,1,pt
692,cf9f868b938175ec42fe1c8803a7479821d54547abf891a7a985cb02250d50f9,35,17,4,4,1,1,pt
693,eb2bb6e678f86eec0cee1c51ca8f454b4c49bab6142eed34404f9ab39942f2f4,40,20,3,7,1,1,pt
694,44859b02a59f41edca1f422e81c30471c2b349a8c7894faef1af7abff15fe2eb,9,4,2,1,1,1,pt
695,7a06b9ddda25166bd6cf34d7d077830317bcf3cb61d34938ebe7e0b9729f0a8f,45,22,3,8,1,1,pt
696,f0b08f450380a8c90c7966aa7a09beb6c26fd2ebe97b2bd6737a68325333fab5,19,11,2,4,1,1,pt
697,2e54afb922d8cb0b3aab601414be21150896a0fe4a31ab6717604a44c812b4a9,43,19,2,6,1,1,pt
698,afebf4eb6ffd62cb2e9aa10757617226a0c79fbab08ae2ba3fe5fb76bf1d351b,12,6,2,1,1,1,pt
699,d103ddedba5aa5af4a38fe48ccaf72c36489257c1c9beabb435ed434b0a911a3,10,5,1,1,1,1,pt
700,8c535e76770ef01928b8ec7853bb7fec5f3742dfc0f5b70af8ee4d2853088776,34,14,1,3,1,1,pt
701,14ffb014f89f05102fa5026b3181f3b4c8d28d5ce71b52625b408a4c2b4c3cd9,16,5,1,0,1,1,pt
702,719ebda4d82478cd566a96100ca391bf84c2d856e1a1979c10eacd029395bb95,7,5,1,0,1,1,pt
703,ef1967b8a6c6be86ad866396df3a16851e1adacbccda50a85c611cc5ae45c2ae,43,19,4,4,1,1,pt
704,0f89fe4741deb8023b5834413069135c6e0a9f347741b25638d971078571c40d,32,14,6,5,1,1,pt
705,2a743d3547b5b60420282c34902f8be36149bf8ea3be419e55e1c861e15ece28,15,6,2,1,1,1,pt
706,c35dec04afe696f936f4f2740484be6d0ba224953992e5c9bccf09c9257f3ad6,15,6,1,2,0,1,pt
707,e581e598b1bd19ec200f93c8cd4939841a151c30dc9d6f5649c1d53c837e8113,22,14,2,1,1,1,pt
708,33b3182492d21e2be8ff3298cb8e8414628be63e283ce6d93666a5411387b6c6,22,9,3,1,1,1,pt
709,8a41771bb19edca9fa614fe662a0f474419f42fde2593962703fa346bf63970c,45,23,2,11,1,1,pt
710,ee45a7ae980f3556b2e992cda9d23fef124e96973697d9da426b8f01fd1ce956,12,6,2,2,1,1,pt
711,6dbe955b725e93a0dd8ac8b1aebee25865a3d5aebc8134d8d0e8e0c5c323f5ce,43,18,2,5,1,1,pt
712,81875188134d0360b1e43a9d679e31e5ef718478da5180285ec7f11cce601302,49,22,3,8,1,1,pt
713,2a5c0db12bb6ffec4159eb06c9ea90c557f18147e93f1d79e160557ba6b48222,22,7,2,1,1,1,pt
714,9c2bfe21bbd0397c49fca718807876d05fd62fe72a99714618c4d963a183f770,51,23,3,9,1,1,pt
715,cdf9015cb9e97dae17961a740c61a4add4473398906bad4ac390152a5beb260a,24,13,2,3,1,1,pt
716,077de2c7b094ab8fa57b20c6d9c772f5f7426bc541c54bafef8513f73bbbfe3c,36,14,3,2,1,1,pt
717,1cfbd9f7a9e92e96ecc6b1e2f93db0b0b067bbc7d27f62aba33a0224b8433c99,7,4,1,1,1,1,pt
718,4cf425f3379b6e76594b8634d31b1808483eb46875b82459e770fa6b1a6cc8e8,20,8,1,1,1,1,pt
719,dfe23317e606951992240b9bc0cddb3bdba50e74ac870d6befb73003c948f3c7,47,22,5,9,1,1,pt
720,7dad5e8ec22d33a43de49ae0c2ff75901642695b71157b2ab0b448fd1cabd127,13,6,1,1,1,1,pt
721,9940e64f13ccf2a113728c959645fd1d439254ba513c72aa3a73575e6e857080,39,16,2,6,1,1,pt
722,3aef8100abce4cbeaa087d578102af263858d421c961eebaf7d8a57345e3df0e,38,17,2,6,1,1,pt
723,3aef8100abce4cbeaa087d578102af263858d421c961eebaf7d8a57345e3df0e,38,17,2,6,1,1,pt
724,2a3f5830b804cdaf46d2f37f7ad2e17557b193685f464874e226786fed4b3d1b,32,9,1,2,1,1,pt
725,bb7bc0aeb41f35b29868593ac82facb1a8d5d93b63821be3c2dd35fad1f6f333,21,12,5,2,1,1,pt
726,8b5caa69ecac7465a73ebc2300a79fe9e294679a59b2b29ad64400470e876908,37,12,3,5,1,1,pt
727,0194f8d0f275f24cfa7a64b8f3f9d46dda850499ce93b56b9ca4d7cc2a00913f,17,7,1,3,1,1,pt
728,fc92cf845d2e26f64752e08dce3aeb41603f6d82104bad86dc1ccab56995e5bd,14,6,1,3,1,1,pt
729,83040ffbac59a017b96bcd650d6fcbe1fb7ad04811e119a06bb9da626e6d604f,11,6,2,3,1,1,pt
730,36c52697b88200a194eb915fc0505acf2c4067da49130ce5505789be4cb0bd49,37,21,4,7,1,1,pt
731,99f657fc7527ea2da344f4a2c88d7dd9c8825d0abbaabb54d4b59f506801e6c2,44,21,4,7,1,1,pt
732,4c3a8cd2695993557526c908df0173e274a135de34ef516e0363c7145254ff59,15,7,1,4,1,1,pt
733,8178a4da0e3968ff261d1131bbb88ba7b843715f83684e597e93d02e886566ab,22,9,3,3,1,1,pt
734,aed4eba60906e8637911bb2b820ed3c02ff1cf4df6c1d3a638930653a750e00a,32,13,3,2,1,1,pt
735,0f327246bd6578aec5e9f82db5bb15d8da1e05c197f3d2fcd8890e63a0597369,30,12,2,4,1,1,pt
736,75c0513d586979b84b2cb0da63f363b8e2de1a22ea5e7fd49054c99f3c932153,45,18,7,6,1,1,pt
737,7400942211c9ee4935b64e347b82310c3caea2cf39d496cb83ea20a571e4db14,29,13,2,4,1,1,pt
738,0ec7523f6ab9f0d90ed7bcfec94dd7840c00e1442540ed89f59e6e337222e0b0,38,17,4,5,1,1,pt
739,33d6829f042ccc7b30cb1d626a4204c9b643d20ec45c24cd5f002f03c6fe704f,49,23,5,9,1,1,pt
740,3511b7c1990db2a2ceaf0e780cacc042c96244177b6dfc611df7f5ad0d9edb70,13,6,2,3,1,1,pt
741,4867a69e2998e426c1dde4006650cf6d0ace611518feb87310a69c5882f53d94,16,6,2,3,1,1,pt
742,4b8238a55f70a540ed788025124b98dbe76ebae20cb2008c8dfa05b7ac91dc77,20,8,2,4,1,1,pt
743,a3c8dea456680730afb377846e7d50453a3005c7afac2011e86399e4177b10ea,31,14,4,6,1,1,pt
744,417a38ada10f015f5cbcbd0f64ad553de058e161bcf9debe96a09fd20bff4e6c,14,6,1,1,1,1,pt
745,9b1e453fb69216e8feebde3a10989330b76c9502a97926e6a1083c80ac92d3a2,23,12,3,6,1,1,pt
746,452f78f37596e952a86a25f931eb4b8e48e05181055f1e688f28fd1ee7079347,12,7,2,2,1,1,pt
747,9fd5497649f660ebcf711cf036d134f0330001fb712d026b522bda003b85a519,41,17,6,9,1,1,pt
748,e38759e496a4a2035aa38bf3dc381019a00768ab3f09ac882ea2eb909f88ddfb,19,9,2,5,1,1,pt
749,ca0ad34f0c637325c6d910b6accfb29885c5649cb810018a1fc1a805b04b40be,25,10,2,6,1,1,pt
750,337b5c0a558082fabd6af1a132fe185332d9b8d7068f0a35565fd0ed1cc83ed8,18,8,2,2,1,1,pt
751,ea0bbaf30bc8f6740e09b43d4e685bff47c2b29bee4277df727776accdb3fbb0,38,17,5,10,1,1,pt
752,c962ed70effbca10ff1f7446e68a24dc72f1475ec5632d2d587289dd7a2c3cb6,37,18,6,5,1,1,pt
753,de53093efa1aaaab892a10f3e359427d10cb2ffb52eff54e86ef764d5b58ad9e,25,10,2,4,1,1,pt
754,c51b6aae87bdab59b49013750636c99f60cc54531ffd4657fd2c700fa29e6d4e,30,13,6,6,1,1,pt
755,99b9dcae87192ffe165c48b5de0799e09673afd090b22ab6122b8f54060d1385,32,13,3,4,1,1,pt
756,375da07df012ba8835de4db074f5d871e3ba1b86a423249cff0d0cdac9034eda,17,8,1,4,1,1,pt
757,f64ddde92700b65fd810dd30332b8ab5a6edda28212a90a87bf98d800bad93c1,15,6,1,1,1,1,pt
758,e94fab4d353f5ea780bbb1ddab2f745816ba9035fd18e8e4f1d359cc548a999f,19,7,2,3,1,1,pt
759,d3343c928a3bdfdbb9a4ba01d8cb60af1bdee01013646ff4e27a8391c2897ef2,27,12,4,3,1,1,pt
760,17d1f11f832e66628a784e1e6b7a66bb0c3c3a2247da355b2fe61630e32b7cce,24,13,1,3,1,1,pt
761,0c93fcbbc800dc658dea561ffb02be2b492345d8c7d7aafa917b805811897f08,45,22,3,7,1,1,pt
762,d9b93879e0cad6774c5842e0822e9fea639fd27849dcfcbf75780daadfccdf8d,37,17,4,9,1,1,pt
763,41465f8a1afac6dc24b3209c98cb35a07b64368e2f624ff2e91356eb0f4c1424,25,13,1,3,1,1,pt
764,8d882590ef63b8213ef978f127312de70f3734ae2052db9b93ddd9279f36799d,27,12,1,2,1,0,pt
765,dc3744f341dec45a694f7d98996d9bc9d053e7c6dda4bf9cf4b3bb891ff856e5,15,8,2,1,1,1,pt
766,a1b412a053b7a9224d2d80b47bf525294bbf09b56dc6994d5b3498d3ceb08612,33,14,6,5,1,1,pt
767,75b39c855e2f70ab2018de7a5cc331deb0274edece0e9ed58295513e7b773e00,34,18,1,7,1,1,pt
768,e7b7b4bf56e1441fa5a4e9240b7296d4f935614b22cc54b6e0123d9f8e6c8592,52,20,2,8,1,1,pt
769,23cbb8ef4b94dcab5a7b824af97be62bd03a2970352b21d7fa3cfe8fa2082438,22,13,2,4,1,1,pt
770,981410cbed01b3465887d0d7e246e468f2caab8495b03e9dcc06c20c023f7fdd,48,25,3,12,1,0,pt
771,f1e8c69d585cdb6e85e2cf8e7ddf8dfecf176ce8bebac94752a495d9958cc87a,29,12,1,3,1,1,pt
772,396189394f5393e03ea6247a352282574a4fba7fd422a32aa7726a862988d6f8,32,14,3,6,1,1,pt
773,a7d2c7fba632f6a2ac65b6314064c74e05d0af6002afcb3a513f0874a9b9b245,18,9,1,4,1,1,pt
774,f3c9218654a9a20ca422cea384a707d5ad098dafdafb28f198a1787c93f40c4e,16,7,3,3,1,1,pt
775,291c2ade3a020d96a8e9e4311922b6bc2f86b2e65a574eb96651faae836529ad,16,8,2,2,1,1,pt
776,78a5918d7343c6a8c5cb281bd6960a06258ed97d036d747c2e9f093b76183610,16,8,4,2,1,1,pt
777,ffdbff556c8a73ee30d56dc4aa5a21fa1586f4db9b2028750942bd2b39bf9e90,15,8,3,2,1,1,pt
778,81418cc32086a21f35216b52aca683a120cbcd12a0da6a1d3d7701dd1481d2c8,17,10,3,1,1,1,pt
779,83657938aec54e3db64861a3e3024db6dd3237744a2d1279cabe6e20fada65ed,20,11,2,2,1,1,pt
780,da0300b51a4b94db8016bfb66e58b84b22a0251a503ec50fd2e19669931c0f79,47,25,1,6,1,1,pt
781,6a7516df83778e32f39ab90d162893456ca18d6b30bbe5521bb2122c5282b5f6,22,6,1,0,1,1,pt
782,d4e75eecece34f4d2544006130cf79f7356d0496ffaad915090963dacb32618f,15,5,2,1,0,1,pt
783,c699b59b32dbac39ddbe01a36e7a669783feaa1698ad35100721a164ce5423d8,58,26,5,7,1,1,pt
784,18f7a748c721a0b5aae76f59f23f56349ca6237984dfe0e885e59ddeff131814,43,22,3,8,1,0,pt
785,454c4782e5d5115856d61aa70411dbb00867e887fa469d6850c1bb364902b786,20,10,2,2,1,1,pt
786,636f1e6dba2d9c0b28728619a21ed7ca3ddeb9a7da9631fa8effbd73b549e926,36,16,2,6,1,1,pt
787,285c1fcf7e4576b556de03239d7bdb569c6262708d4440545de3cca56cc3a312,39,17,3,7,1,1,pt
788,4dff6619fe4c0aff944be8b43d43e08b932134ce03e85a6fef06163913d82226,18,10,5,2,1,1,pt
789,9e4140738e141c5dd84581463500af196699c77315d0875af0fc813d79f8889a,20,11,3,4,1,1,pt
790,b9eff545b3fcefcdac65251b2a8b431611058c33b3099aa524cfe3f9a8bea91a,53,27,3,8,1,1,pt
791,19c9a358ecac76cb67537b3343c4a22ffce1aaff0f45a59f34eb815a281ebd2b,32,13,5,4,1,1,pt
792,bd07955e9bce73ce6e60e587f568e6fb616531a0853cc7fb27e72e2da28c561d,16,5,1,2,1,1,pt
793,510dc5143861505f63b4d63586aa92f8369f1931033cc9e898efb9109c0f897d,49,26,7,7,1,1,pt
794,489b6a330a2a2d64006a7c517ded5cf0ea1cbdd5a0d8d139ec76da2bab6a07e1,22,8,1,2,1,1,pt
795,60d0195c183d69bd678010b81ce184b7d219ed6f6b49259cda74ab45236d7065,51,22,7,7,1,1,pt
796,71bfd0cf798bf875100bc1e3b1fd6fe90f9c57bfde04749b5182ae83f86863cf,39,16,4,4,1,1,pt
797,92574d25367cb55bdf747d500794478bbe40570d8cc94e91830aa5467f1a0f38,54,27,1,9,1,1,pt
798,453f420e403c4b13f17c25e5168aa4ccdc4d178fd9bcebe65ca16a25ee125e1a,39,17,3,5,1,1,pt
799,b51991ff0000155fd9ebb973d48cdb3d9c94e3c6094ebc49394230245ecf68d2,18,10,3,2,1,1,pt
800,7381f945436ffb32e343181745b327f5c4e73a6d97eb9f54b67a3dbdc426a1ae,53,23,3,9,1,1,pt
801,a6d8cdd543236ca538275e7d11bdf3517ac22dcedecf41adf271f28101e7bb57,30,15,2,4,1,1,pt
802,1978c5e578fc8d03cf70993312de1845ab9f9df094c3cefd31c762aa9531c391,12,5,1,1,1,1,pt
803,d1c483e6fe85664c61b9d6e3a1fc7267a3b62409378eca87a83c33d11c536a76,31,15,3,5,1,1,pt
804,94ca704186e79801ca0b62c936170cb540d9bed6c0690ae747b122351d4e0838,15,9,2,2,1,1,pt
805,e80d5d9d7dfd86a570040278ffaf0737f09d2c0ed537f142aeda04a990b3de44,18,9,1,4,1,1,pt
806,ff4e7aa721452a86b0a9dd4dbd26c9b4c41ee850e0c7f447ac07f102ff0f1fdb,17,8,1,4,1,1,pt
807,863f576e815aac9b6725f9be408626f13bb5b80e38fa4fd9c13daed0a706324b,29,11,1,4,1,1,pt
808,442d0fa3f0176a727b795be699976d8bbf6320c69076ff7600ae24b8557c30b8,23,11,4,3,1,1,pt
809,cc811a79799366187f51954625d04faf0cfcc72a00e61d2dc1843496a37fb434,26,12,2,2,1,1,pt
810,70d7bb5d11729072b6784f5881476b147ed3857560cc1815e385919c543f6791,33,13,3,5,1,1,pt
811,7b28a11e5c971122c6d88aac79def4adf0189c8aea20e7817309d1c71e2f90cb,11,7,2,1,1,1,pt
812,9dc35be8e512309b0d6caa298e36cd8312ef87205ac4da9777afb453edd07ae9,46,22,5,5,1,1,pt
813,deb213a72a46cec0ed068ef17cc0eb7b44fb78da57d8d7a236b754ed5a1c8551,47,19,2,9,1,1,pt
814,95eed7a3eb807f8ce385a535904a2ad623d58a25a77ee9a967d95656a48e3483,45,17,4,7,1,0,pt
815,932e9587c77b44c50a7072159cd48a1d2c0212e40dc5e649e4df161e36c73ce4,12,8,2,1,1,1,pt
816,910055fb6467c384f41f1f3f4ee4aa99b44c2ff48ed9ba4708f5638be2bbe5a2,11,5,2,3,1,1,pt
817,39f3a2e5d2f04fc4b0e8cd3b536cd883f9973006d99a3f80ea1e79650656f40d,15,8,2,1,1,1,pt
818,3fe2cf421e57c38ba788871a3bfc24a3517948b14c8cf1e1ec5e97abb3502c67,18,3,1,0,1,1,pt
819,0f6dd01dc1dde93f20dd21e1b51a30e78a24ed127e22943451b08dc2a5f7e0bf,17,9,4,3,1,1,pt
820,2976ab4cd9d2e862a6c8cfe71ed94b27272aeaf0883dcb03187ed82af2673533,36,17,3,6,1,1,pt
821,1ec1d86233634a47b17716c2ddc4a7f38added2c82f15c57e67134052b561a50,49,16,4,5,1,1,pt
822,a8ac5ecb4a8b526b1c1572b828bc04232fd83c4a03e783107af3af9581de9407,20,10,4,2,1,1,pt
823,ad818ecf3b662ea83dc7f6dc562fc1a4e865a4f4c0dc04e5542582dd5ba9da5b,46,19,5,3,1,1,pt
824,4005404fc0bd78136063fe4f263760f5b9f7d7bc576f8bd3b4d139508e224c1d,16,10,3,2,1,1,pt
825,034670f4c8e4aac58c3f4b91a39d206744e020fc417a85732ab710e056a6549c,16,8,2,5,1,1,pt
826,ab6e1fb9be1c9a4b5e59bd63dac7a09ade42a7c115eae852f655fac2a614d9ce,19,9,3,3,1,1,pt
827,c11234876162773b20099165eaeca3cebbc32b1ae20a1c5b748430671ba014d2,16,8,3,2,1,1,pt
828,94abdd41c0c85eb5ad6f1855cf814692ff2c80b051d6c1dcb3165d56eb9f48d8,43,22,4,10,1,1,pt
829,bdfb2d8f085474452feaf795f7b4a068e67302cd8d15c06a585b94b1fa335ebb,17,7,2,1,1,1,pt
830,56d2ae4ca2e6e7d2eb66c127cc17f250ca9f4fbb076f48de739bac0fec895571,47,21,3,6,1,1,pt
831,350d7c02cf3a874bad8a89b62c54b5588dac454ed583476014d2ea76fc465a1c,15,8,1,2,1,1,pt
832,2d5ca679a3fde01eb630934cda6a1361849e4bdf4359ff7971e66870b9cde798,28,11,2,7,1,1,pt
833,e1452fde57c1bfd6bb9f11aa2c8e60de12ce68fdccad2347b907d3452a9d4879,32,14,5,5,1,1,pt
834,bd903cdc181cb4e1d5c6065fba79ae9408d41c61a0da21bc76f7ea684c64a05c,37,18,3,6,1,1,pt
835,92e85ca80b2b13f59842535ba2b455bf301d54281a157b319b0c0c398a7a358d,37,15,5,3,1,1,pt
836,712defa460352a96e6293b3c032ae96f4b891f9793f306f612fca75474868101,16,9,1,3,1,1,pt
837,847c4efa727a8e43a5e2d8f7b15369aefb2816bfcd17e951234976218484e9e0,16,5,2,0,1,0,pt
838,987b9bf0ca612b36658528b99031f8df3907f48306acbbe31d14e0112181508d,11,6,1,4,1,1,pt
839,de023d5e3961b1984a12f527656bce85c35974da3eb473a42d770e562306311a,11,4,1,2,1,1,pt
840,77a270a1ec8343b039146e30e90f36641ca1a35a0b74eecce80d75b32b90e7b2,8,4,2,1,0,1,pt
841,9e3f58dd928d8b358c67f75aaf0106401099707f4cb7bbd45ed4d6f4bcbd8c5f,18,11,1,6,1,1,pt
842,e822e4f20a328a04b7133a1eaea267d6b8e51479fe1cba97a606b97654f63901,8,4,3,0,1,1,pt
843,1df47c219bb4537463f016dc1687f0b032d8c5b61f665ba0f717634303e09083,7,4,2,0,1,1,pt
844,c7e3af666e938ce8aea86e0de830bc159c906e03cfa9a98d8b75be2a29474153,15,5,2,2,0,1,pt
845,9e6f506ea7dce47ee315527010cca24e0690bcd1a57008381733bb4df52918af,16,9,3,4,1,1,pt
846,f1e30daac416a6f7e4a80ee53ac33a262e1ae1306610ac90926346004e56cb90,31,14,4,7,1,1,pt
847,d14633cd3eeb78afc48a0bb1455aeb8192284f95c3be69840d40cc330af5159b,21,9,2,3,1,0,pt
848,522b407733cde6d5a009444e04b826279b5cee70ebd266a9c36d073c9fd902b6,13,3,3,1,0,0,pt
849,f488f344cd02be6cfa1f4e92e54938afab95bce7354fb384710ef2238ed6232c,10,6,3,1,1,1,pt
850,fdfd838a3c69e90ea6cdaa1271f8da32a5acd019975f8deae99fec2668e93edc,11,7,3,2,1,1,pt
851,e23077fdbea140d017ca8d70dfadd5cb1ac9b91ca0fe30636d0a34f40c01a1d1,10,4,2,1,1,1,pt
852,0924ce6edb57505640c081faf8df44cb4e29befeff860a8ec450a414169e8ade,11,6,3,0,1,1,pt
853,1dcc1c710e952feb9dcbaf9537a67c596070c102da07c7e5061fb609481a7c6b,8,3,2,1,0,1,pt
854,9a01d8e8de1699f3f6662be6476b8118e60b78f824de81e49f974e25d37bd385,7,4,2,1,0,1,pt
855,a866a7f86266eac58470d3e8df1cb758a070d1ab7af136f3c7509ca20b462055,26,10,2,4,1,1,pt
856,bc9d97707fde5b2723ef978f86686e3a059c04b5a63f4e4c3530d80e2c0ba02e,45,17,5,8,1,1,pt
857,3e33e2bdf5561214487f84ef927a200b15d83099f8c9f57d743af29f56e96eca,21,7,2,5,0,1,pt
858,e265dcc5d288aeccd01621f0fc2315c4cbfe0b8580b4ed61bbc68ddd3c14ef45,14,6,1,1,1,1,pt
859,bc759897fb1a28ab1736428176960de1bcaa7058d2ebf8138c937979711ca7db,4,1,1,0,1,1,pt_short
860,14153c0460772b04bf8334aa0d53aaf3868b098a0414458b0f32705ed9cb560b,47,25,3,6,1,1,pt
861,bc7f6898450d8ef901b02166e8e09c65cc446027c290a4d69bc33786cefce3e4,12,5,2,2,1,1,pt
862,e13760aaf7d608db0b87f82b69d2729d52644d05de46369b1a4b6f516a77f4c1,6,2,1,0,1,1,pt
863,1593b67320a778883962dc11b6be93ea580b13c5aadcd6895e38cf22421aaccd,9,3,1,0,1,1,pt
864,6b6b3d43572564c5d8bde7ddd4221aa8bc68d369db6e2902c6620060b03f748d,6,3,1,0,1,1,pt
865,784335ddd697e8adf3a0d1bfddf07d1e65082065a1867e90e0339b61f2003634,36,12,2,4,1,1,pt
866,df1947fc7a150fa21f0850787228bfe729124cacf174d860b86c0ed247f3ecd8,10,5,1,1,0,1,pt
867,9abc11c2d3a854be60d4d7a2cefec0ce4a9cff6332a82d0dd451c44523b9d92e,10,5,2,2,0,1,pt
868,59db9ab672cb3864b918b48fe70ee2c0539ff46fe4ebdf5c16f92f27aada22a2,13,8,1,4,1,1,pt
869,a4e3c1c0f73c19b2556e98f5fb70eb33f3ef0dc5f325672949bc50840258b46b,16,7,2,3,1,1,pt
870,ae46eff604c42a78878aa9a46571f49c1ec6164a55bdeb7dee4685eeff841342,46,21,2,8,1,1,pt
871,ca4fafe288a71f052e0ef24d155f3eeed18406457d28ec62fcf8e5dfa0ecc48c,41,22,2,9,1,1,pt
872,e26a3a264c13ae941469315cdeedfdabf4b9e59532d4a07d265fbe6341991659,21,10,2,3,1,1,pt
873,75714688d25669a5531be1af3fc5b7cb3856aedd19f6d1e990b0d8ce0725c751,44,25,1,13,1,1,pt
874,dd593605986776d091851864078c47be74f8af24cd852a3798ffcd7a8373e445,29,14,2,3,1,1,pt
875,978dceee3561a9706bd346db34298ca375724d111769f49c94b77dde4fd8c0e3,34,16,4,5,1,1,pt
876,2da19cbe988c0de979fff7e193f50026082d2d27d5265b5589045b134ad112e4,20,11,2,3,1,1,pt
877,30d30c0a323a74058bbd50f21ed39e12cd53cc3384756b2536af09f60699ddbd,47,25,6,11,1,0,pt
878,93bffb8e44184b573e1a06bf8482716b3765f4cee3166e46639439de33d7ba2a,33,20,3,7,1,0,pt
879,b3571b5a56b029e23047df8c25d7c36d95f04557c1811ace2729182efd1b76c0,49,16,4,3,1,1,pt
880,4f6a7fbf359c3364fc2d5341f5800dabb95baf2255b4b2609327d5c317e1e440,38,19,1,4,1,1,pt
881,92baecdbf45e8892f7c2f6182fffe1cc97d5dbc9a28234be9f7015f98baffbd9,49,23,4,10,1,0,pt
882,50cc08928eeec1aa990f06d34e53c836a9f62f308c8253b7bca388a4366277bd,36,15,2,1,1,1,pt
883,53ff6b2640a71ec508f3605ecc5144d430085489501b2f6244bd18b64cf5bc88,29,10,2,3,1,1,pt
884,141ebd702c77a93b01825f95b5e48c2a3d6e5c4225fa7fbb4c3e0b403a35fe10,16,6,2,2,1,1,pt
885,0b6022119d1d2ef265eabee96e6e51930796efe11b0f98625f455f29fc7dc72a,33,14,2,3,1,1,pt
886,b49a3f002ce9f3987399158145394ec0d61aa6a7f46b9a0fff33b5fb391783f5,58,26,4,11,1,1,pt
887,bad1bb53159f7ae67a704fd688fa6b500203dde5941d5b1f215de3299f87e5ee,27,12,1,2,1,1,pt
888,365a2a968545b3b81f1e388514cd8372d6cf7a008359a1b11f39bceba0ac221e,28,15,2,5,1,1,pt
889,caff4dfd4653330e1f6562a9172e5a91c89ad9fd19ced20f39b7be2ef059ddc4,42,18,2,5,0,1,pt
890,f201608d11ab12373c9986cf07cb2c09c6724a694eae91e54c2e2784e5f41970,20,9,2,2,1,1,pt
891,6b61bdf47805f7740898a57bd9e648ea53f53d224ab8bbb2dd92791677eb23f6,16,10,2,4,1,1,pt
892,27adeb0e98b8dfa942b8c0c22599787ca73304b0dd388a19255242d6fb6761b2,42,19,2,4,1,1,pt
893,fe951e56df349d9c9302a2c0eb6bad38457a65d82fadcc5fdfbe83ad81adab09,39,18,5,5,1,1,pt
894,fe9c5bed467acc6500b2f24136e9532c05ac972d52e7c1419b74870988a2c995,40,16,4,5,1,1,pt
895,0b5f0debba47fdeb4bc21bdbd31e097a64704748275f625f5aaba0c4a7b6b523,39,13,4,5,1,1,pt
896,5adcf9f0213e77beac39726d927f2343eb3408ae33d1940f967791bd1172668b,13,8,2,2,1,1,pt
897,629cf128b90c764984759dfcb83a8744278871f779f534d4853308ec10e15590,16,10,1,4,1,1,pt
898,b4163ec39e96d19d923992570545ba9dd889504ea3a58507d6abb8f816ea056c,22,12,5,2,1,1,pt
899,45a26f5280f16342b2ad67be5fb019b1d95d4563bfd856c2e2c675bec8f2c08b,13,7,3,1,1,1,pt
900,c93208237e8877485881cfbbd5d45fd1e55b319fc7c8cff543271e57a4792ec2,25,13,1,6,1,1,pt
901,b997d70f037d3e175a427d9b7707f207cad45ec772863c433085811f4179a1ab,27,13,1,6,1,1,pt
902,f527e212366a8f9d11a148b19687a46f4585a29bdae7a8cfee6d636b0d55dd5e,22,12,2,7,1,1,pt
903,fd6d1250acb527f70f6e52876977224b5352e6bd3b7907b4210716f73089d1a5,24,11,2,5,1,1,pt
904,8f5b75f54bf0ed4d79e0cf6eb72bbb04ac2aee9f833882e0299a52f6703ad1fe,46,13,3,1,1,1,pt
905,50f2f74ca7e53ed70c2e3b515606cabc09a71d25bc8014ea5d0e7c1cddf5d700,18,11,2,1,1,1,pt
906,125ad7801445726042e16d80bc4daea47ebdb675914278f977611e42852294a6,10,5,1,1,1,1,pt
907,7bb2a85830d886515eceb73495903c537c4a2bf33f4ae60661579b67db923854,23,11,2,2,1,1,pt
908,d6189e026abe0a7982b71b41aa5cae28731341ee75b78034f0036e7d6bcbc0f8,11,4,1,1,0,1,pt
909,f468c31320b7b6f79d88965b3aad9b27abb002f0e548e05ff43b58ef1ea9b631,11,6,2,3,1,1,pt
910,d576bb3fc05e4a319767f110f42b8fbd2f4c26d7a98ed0797d3fa495b262ce92,54,19,2,4,1,1,pt
911,e97b72d3549a17cd60b51c48b06e50cefb39157f8f8d056f0ae2a18e74e18547,37,21,3,7,1,1,pt
912,40f049569301b8a780d18d05f8102de4e9d5cccaf7aff49da6784ec8f9a0a7c1,9,4,1,1,1,1,pt
913,78ee0a61b1895cafff807d17aeb3594d459726fb22b0e5c95d7cf2a9f992faa3,16,7,2,4,1,1,pt
914,8fdc6a20311edf0d703b97d088ddb1331e2e3dd82c964d05f976afb3da7929f0,14,7,4,1,1,1,pt
915,48aef95e6b98c56e56cb25fec92d36772ead9bcd77051a97a3f09596422ad6b5,17,6,1,1,1,1,pt
916,871924bc18ae9b360db3e43b5d0fe8218daded6f118d9857aa778db95dc1ef06,20,9,2,2,1,1,pt
917,5021ec68fdebb1b9ae752110fb98aaa759ea838dc86153f6840312b5d3929d5f,25,8,3,1,1,1,pt
918,6737158db90f6ecc07adeb5150608e128efd28a9fc135a646fc999687946d9e8,9,5,2,0,1,1,pt
919,2b2cb32d0373d2c2528d422c91d785675e64595417560173ba06fd56e5e09530,13,6,2,1,1,1,pt
920,b60b991cacf8b68cea5748f613304aeeb363265960ecd9b24f33d2ae0bc241f3,12,7,1,1,0,1,pt
921,21716a77ef8488521d7d45c1a7a6e057607c6d00c31dc9b606ee37d2f696dc34,15,6,2,3,1,1,pt
922,8215ebcfa37a36f274b41f8443ee5d52a8fc36b609ae227ff22aa734d9376393,7,3,2,1,1,1,pt
923,566cf4b08eb7a51b46527f3ef0d08251d2460197052cf45d0b995f2ca27ac9f4,28,14,1,7,1,1,pt
924,1bc1fca35fbef85cde936dc81d7819ace896423312766563dfafd4062cf0ee04,9,5,1,0,1,1,pt
925,8a3964344db3ea6770b4cbc9eeef68f3abec6fcfd1ea52173e46b25aa0f58bb0,14,9,1,1,1,1,pt
926,28d96110b548e7239496bb297cffdaf4f3a26611fb2799fc353f3d7cc3d98628,21,9,1,2,1,1,pt
927,4e93aea3fb378445165a98fab02ec2271bdee15e62dd25dd515fb53fb88a421b,13,8,2,1,1,1,pt
928,99a6f1256eb7120dc4dbecc15da4f6fcd41e938e180ba738412bc237b04bb7d3,15,9,2,2,1,1,pt
929,97f78289515cd58b36ea58123dc24bc440a7fac1c554911919beeee99d5b926b,13,7,1,1,1,1,pt
930,d968a9efbb2cf6231001d6490123e3f77e5bc3a6a9f2b50619945d50e77975ff,27,11,1,2,1,1,pt
931,025e2d512737f9f0804d0d1f94b283bd2f3c4292aee82948584fee530f21fbfc,55,23,7,6,1,1,pt
932,ef8901b379fd48dc7ba4219ab59f9a20388193ab1bdc86a00c63dff96d226820,21,10,1,2,1,1,pt
933,30530d93b0962de77d1728cb31bc422e8c2f08aafcfe2fc30fc799386adf8e6e,16,9,1,3,1,1,pt
934,341657ff8b1fbe2abf143e279fd4e40f58de07c7df07911f24c04dbb49dba9af,22,11,1,0,1,1,pt
935,28bb555073cc02a2821d2403df372bda67ca69705a74ce2c2e1e1ac9528bf23d,8,4,1,0,1,1,pt
936,cafe83799f640c083dc168d54b45e58cdb32f37cea51eddf027edfdff65c2502,11,7,2,2,1,1,pt
937,dd9efbfa2edfcc184790797e20a567c9ceb4cc33e3b23dd72d5abd9e8492ac99,16,8,1,2,1,1,pt
938,258feede7a1609b9f8954b8e88e5eae485d7d9acc0cfeb26530cf4741974ddf7,22,11,5,2,1,1,pt
939,159df3f95b87be15565671f223bac7fe9aef4bef9ff6b7380c95d23e8345755b,20,11,1,2,1,1,pt
940,150afe6e7160c51ef7a789c62327def29fd7febe2214671397ddb8e845f64e76,54,22,2,4,1,1,pt
941,9af291b581e62527b94334e0c25282f753edd01b651637392bd1f4b722808cd1,20,11,3,0,1,1,pt
942,0c2dad0d85925aab386255139bff34a00ef70487c36fec368a99a50651fe9bb5,14,4,2,0,1,1,pt
943,d3519306466bc77eeca0d6d261d7bcfcc499230686004c8e94ca95fc5757aa34,13,5,1,2,1,1,pt
944,22c212a03fb6f75de9c813badd7b3297ade8e33dc8c1ed58da7823b09b2ca723,12,6,1,2,1,1,pt
945,29f8ef63af7afaa9122d9f0f90df0d643bec46ac50f1b1a4b8d786c74d122883,9,5,2,1,0,1,pt
946,343bf8d87329059ce547de6cc7ac2a684e656f1ff54a6c8baabbadcc13e32a62,30,10,1,4,1,1,pt
947,56be36532f452f8c6b423a12f1f88332d5d59fcd4f284b45994e9af95fcb9ead,3,2,1,0,1,0,pt
948,f570ac413a6faed947ff89739ffc82adcd013a91ae08f98c84db1e5a8c26707f,14,7,2,3,1,1,pt
949,4ebd884749e9295393b3e75c973e2cef4044bd87d951020c0e9f06a8ed94be41,18,8,4,2,1,1,pt
950,b71a72a8f0766b0713d23fa12212117e9086c6d36369fc6a0f89420b1ddbdec9,22,16,5,4,1,1,pt
951,6f1eb03000f3e71d4bb701de8fc6f3b3e723a3ecd00354ae0a7082df44d0fa78,12,5,1,2,1,1,pt
952,afc5ebfe83008511d50b983cef6bc7c732b4e6eaf02d97649908ac6ca80209e7,9,4,2,0,0,1,pt
953,4b7da6b04fd551b376997f63fc0a69721539e8d1856ce73d8a46ec51b58f559d,47,20,2,8,1,1,pt
954,1c351c75ab566fa81abf6d4cd4bfed2d8c32706c3dd4b43d3e874dc4d75cd524,30,13,5,2,1,1,pt
955,011a1ec3b743eeee76a62076bd9c2890f83d069250bc527b61701f753fe53d9c,31,16,4,1,1,1,pt
956,aadaae0aa03e804e5ce7bb5b0834c448cd5ab5abc2de469e512479f8fefbb08d,37,20,3,3,1,1,pt
957,8c321a676e491d9d383c51ab0df853e7a549f11da13c5c637d0941752e255b3a,12,6,1,1,0,1,pt
958,a417e63c238617016ce95aae0ec0d0137234e0bda9d0a954413c13b2efc5b86c,19,10,2,3,1,1,pt
959,134fed9b5be37c27244ed406d59d96ea07a35891204fe4abfe21d1e7deb3be09,14,8,2,2,1,0,pt
960,8b865ddff54274ae88855f4608321ea94cd5322ff53ce990f95c25c230f1e80f,11,5,1,2,1,1,pt
961,f217aa08645a4fac2eb3575fef397935b13e4fbe980b687c2951a46657c8925f,30,14,3,4,1,1,pt
962,cd86d1ee3f15a65af072ba0551a67d0505ef3bf172309bf2711fc45db0bd42f9,12,5,2,0,1,1,pt
963,853e8cea6ea6edbcdc627d70773f945619fc2c84825f6e01d241ea4355174cde,22,11,1,3,1,1,pt
964,15ef98afc1dd89d58e780ceeb0e6bd9a8a2a936c0d993e57c039bcd23339fe7a,13,7,1,2,0,1,pt
965,37deacc446d7cbbafc5227a777d879e2584e7e04ba7929b1baffb5b316b8d942,15,8,3,2,0,1,pt
966,bb787c6b8f30e967bbb8f26e906e57cbee76b4d4262242d0e2c5f3c6594a0970,28,12,3,3,1,1,pt
967,3d763cdb9e10d47d5bbfa59a6dcccf7a12c59750df635b6120a202b4e714c040,15,8,1,2,1,1,pt
968,e0426988bc15876be7280bd723d3748f2296e33931a77553dfd53e710b43ff86,12,5,1,0,1,1,pt
969,44ec4ad9d4c4228f64c7c325f8e8470cee21a0554b0d537afa6ea156bdd92c19,32,13,2,3,1,1,pt
970,5d22a37127e0e376f4058320f8a932cd0cd9fd5f528731a86ef6b54271092ff1,14,7,1,1,0,1,pt
971,473f8652ff7433e6dbbf0e7b0f888b2945fc2699b7740f9d2520b6c20c0daca1,39,18,3,4,1,0,pt
972,d418ae10bb497debf4b4d965e7ee89cafcbc84f8f7abe00e9e3a34188235d52d,18,9,2,1,1,1,pt
973,88801a50cdc9341b46e58f6ab2f368e87a54c098f2c3b79c559df9fb301710fa,27,11,1,5,1,1,pt
974,68233d77d52cfbe9555a53a49d9abd9b333af715693f6dd7f8dc02f96dde6be4,12,6,3,1,1,1,pt
975,917b3316b4e01d720987388539333281f8bab9f86669c43bf02d9e15e7aa4654,21,9,2,2,1,1,pt
976,188b545a36ae96113fb1f3ae052324f50c9573a2bb1ec881b66f898c5b76563d,14,6,1,3,1,1,pt
977,eb1550a13d33ff78d75fdbbc50a4c45b8cfc72db4acd398a33afc091b987b07c,11,7,1,2,1,1,pt
978,e4d03698bda734177ee089f94c7e1e25c9f7c3ceeb2733eff65f025612b11b76,32,13,2,4,1,1,pt
979,6ee4f63fa2dcd3be4be652ca0d257a7d3d8525c0a5f8e1b2a881fa8099eb8bd0,9,7,1,0,1,1,pt
980,f72f47ff6817c13ae950e18ea654b8c7c20a4dbad072ae94ab86f49a4aee25c8,14,7,1,1,1,1,pt
981,d96d8b1f6ab1123e60dfc9bd9e654d1905f55bbc320380b2d6570ca79bbaa8c9,53,20,6,3,1,1,pt
982,cb665fe4d05395125c541f95ab01bf249cb8e9524affdce28e561bab3683dc2f,18,11,2,3,1,1,pt
983,d6fbf6f6e698aa11eaa9bbc6fb6ec7546cc0e016b63a72f2dfbf6b42792039f9,22,7,1,2,1,1,pt
984,2ed5f005dda41f46bf4a396af742b221d07c098b4fcddee8d6fe3953784e1c23,25,9,2,3,1,0,pt
985,ddf679e7cb6a58e5daf61c90bcf3e6e62a7a8d191d698f0b438d2e6f222e0fc4,49,24,3,6,1,1,pt
986,5ead79d369d2d0f5a38130eb98e0a1c4d1a2e29abafca6f2c5a4518ea7cd7aea,38,12,3,4,1,1,pt
987,5cac5d112b81bb3a477272d1bbbf75c3e08cac59ee2e052837e152e09df603ac,21,9,3,4,0,0,pt
988,f09bdc6eabf5bb38ceef6eacc116b85a23dd3784c3b790e839222602d18ef62d,36,10,1,4,0,0,pt
989,666ca79d17f958908e7e0e1e24c872950f4dc49a96e0226958f86731b0e16897,35,17,3,7,1,1,pt
